clock	watch	T_int	T_ext	T_set	Cp	Ci	Cd	Hp	Hi	Hd
20200714 133955	12.28	33.47	29.3	30.0	1	0.0	0.0	0.5	0.0	0.0
20200714 133957	14.328	33.53	29.32	30.0	1	0.0	0.0	0.5	0.0	0.0
20200714 133959	16.371	33.55	29.34	30.0	1	0.0	0.0	0.5	0.0	0.0
20200714 134001	18.423	33.61	29.34	30.0	1	0.0	0.0	0.5	0.0	0.0
20200714 134003	20.47	33.64	29.36	30.0	1	0.0	0.0	0.5	0.0	0.0
20200714 134005	22.514	33.7	29.36	30.0	1	0.0	0.0	0.5	0.0	0.0
20200714 134007	24.563	33.76	29.38	30.0	1	0.0	0.0	0.5	0.0	0.0
20200714 134009	26.609	33.79	29.4	30.0	1	0.0	0.0	0.5	0.0	0.0
20200714 134011	28.661	33.85	29.4	30.0	1	0.0	0.0	0.5	0.0	0.0
20200714 134013	30.709	33.88	29.42	30.0	1	0.0	0.0	0.5	0.0	0.0
20200714 134015	32.752	33.93	29.42	30.0	1	0.0	0.0	0.5	0.0	0.0
20200714 134017	34.804	33.99	29.44	30.0	1	0.0	0.0	0.5	0.0	0.0
20200714 134019	36.847	34.02	29.46	30.0	1	0.0	0.0	0.5	0.0	0.0
20200714 134021	38.894	34.08	29.47	30.0	1	0.0	0.0	0.5	0.0	0.0
20200714 134023	40.946	34.11	29.49	30.0	1	0.0	0.0	0.5	0.0	0.0
20200714 134025	42.994	34.17	29.49	30.0	1	0.0	0.0	0.5	0.0	0.0
20200714 134027	45.041	34.22	29.51	30.0	1	0.0	0.0	0.5	0.0	0.0
20200714 134029	47.089	34.25	29.53	30.0	1	0.0	0.0	0.5	0.0	0.0
20200714 134031	49.137	34.31	29.54	30.0	1	0.0	0.0	0.5	0.0	0.0
20200714 134033	51.184	34.34	29.56	30.0	1	0.0	0.0	0.5	0.0	0.0
20200714 134036	53.232	34.39	29.57	30.0	1	0.0	0.0	0.5	0.0	0.0
20200714 134038	55.28	34.45	29.59	30.0	1	0.0	0.0	0.5	0.0	0.0
20200714 134040	57.327	34.48	29.61	30.0	1	0.0	0.0	0.5	0.0	0.0
20200714 134042	59.375	34.53	29.62	30.0	1	0.0	0.0	0.5	0.0	0.0
20200714 134044	61.423	34.55	29.64	30.0	1	0.0	0.0	0.5	0.0	0.0
20200714 134046	63.469	34.6	29.65	30.0	1	0.0	0.0	0.5	0.0	0.0
20200714 134048	65.518	34.64	29.67	30.0	1	0.0	0.0	0.5	0.0	0.0
20200714 134050	67.565	34.67	29.69	30.0	1	0.0	0.0	0.5	0.0	0.0
20200714 134052	69.613	34.7	29.7	30.0	1	0.0	0.0	0.5	0.0	0.0
20200714 134054	71.661	34.72	29.72	30.0	1	0.0	0.0	0.5	0.0	0.0
20200714 134056	73.708	34.76	29.73	30.0	1	0.0	0.0	0.5	0.0	0.0
20200714 134058	75.756	34.79	29.75	30.0	1	0.0	0.0	0.5	0.0	0.0
20200714 134100	77.803	34.8	29.78	30.0	1	0.0	0.0	0.5	0.0	0.0
20200714 134102	79.847	34.82	29.78	30.0	1	0.0	0.0	0.5	0.0	0.0
20200714 134104	81.895	34.83	29.81	30.0	1	0.0	0.0	0.5	0.0	0.0
20200714 134106	83.944	34.85	29.81	30.0	1	0.0	0.0	0.5	0.0	0.0
20200714 134108	85.994	34.86	29.84	30.0	1	0.0	0.0	0.5	0.0	0.0
20200714 134110	88.041	34.87	29.86	30.0	1	0.0	0.0	0.5	0.0	0.0
20200714 134112	90.089	34.88	29.87	30.0	1	0.0	0.0	0.5	0.0	0.0
20200714 134114	92.137	34.88	29.9	30.0	1	0.0	0.0	0.5	0.0	0.0
20200714 134116	94.184	34.88	29.9	30.0	1	0.0	0.0	0.5	0.0	0.0
20200714 134119	96.232	34.88	29.93	30.0	1	0.0	0.0	0.5	0.0	0.0
20200714 134121	98.276	34.88	29.96	30.0	1	0.0	0.0	0.5	0.0	0.0
20200714 134123	100.327	34.87	29.96	30.0	1	0.0	0.0	0.5	0.0	0.0
20200714 134125	102.375	34.86	29.99	30.0	1	0.0	0.0	0.5	0.0	0.0
20200714 134127	104.422	34.85	30.0	30.0	1	0.0	0.0	0.5	0.0	0.0
20200714 134129	106.47	34.83	30.02	30.0	1	0.0	0.0	0.5	0.0	0.0
20200714 134131	108.518	34.82	30.05	30.0	1	0.0	0.0	0.5	0.0	0.0
20200714 134133	110.565	34.79	30.06	30.0	1	0.0	0.0	0.5	0.0	0.0
20200714 134135	112.609	34.78	30.09	30.0	1	0.0	0.0	0.5	0.0	0.0
20200714 134137	114.659	34.75	30.09	30.0	1	0.0	0.0	0.5	0.0	0.0
20200714 134139	116.706	34.72	30.12	30.0	1	0.0	0.0	0.5	0.0	0.0
20200714 134141	118.755	34.7	30.15	30.0	1	0.0	0.0	0.5	0.0	0.0
20200714 134143	120.799	34.67	30.16	30.0	1	0.0	0.0	0.5	0.0	0.0
20200714 134145	122.847	34.65	30.18	30.0	1	0.0	0.0	0.5	0.0	0.0
20200714 134147	124.895	34.62	30.19	30.0	1	0.0	0.0	0.5	0.0	0.0
20200714 134149	126.946	34.59	30.22	30.0	1	0.0	0.0	0.5	0.0	0.0
20200714 134151	128.994	34.57	30.24	30.0	1	0.0	0.0	0.5	0.0	0.0
20200714 134153	131.041	34.54	30.25	30.0	1	0.0	0.0	0.5	0.0	0.0
20200714 134155	133.089	34.52	30.28	30.0	1	0.0	0.0	0.5	0.0	0.0
20200714 134157	135.136	34.49	30.29	30.0	1	0.0	0.0	0.5	0.0	0.0
20200714 134159	137.179	34.46	30.31	30.0	1	0.0	0.0	0.5	0.0	0.0
20200714 134202	139.232	34.44	30.34	30.0	1	0.0	0.0	0.5	0.0	0.0
20200714 134204	141.279	34.41	30.35	30.0	1	0.0	0.0	0.5	0.0	0.0
20200714 134206	143.327	34.39	30.37	30.0	1	0.0	0.0	0.5	0.0	0.0
20200714 134208	145.371	34.36	30.38	30.0	1	0.0	0.0	0.5	0.0	0.0
20200714 134210	147.417	34.33	30.41	30.0	1	0.0	0.0	0.5	0.0	0.0
20200714 134212	149.465	34.31	30.43	30.0	1	0.0	0.0	0.5	0.0	0.0
20200714 134214	151.513	34.28	30.44	30.0	1	0.0	0.0	0.5	0.0	0.0
20200714 134216	153.561	34.27	30.46	30.0	1	0.0	0.0	0.5	0.0	0.0
20200714 134218	155.609	34.23	30.47	30.0	1	0.0	0.0	0.5	0.0	0.0
20200714 134220	157.657	34.2	30.5	30.0	1	0.0	0.0	0.5	0.0	0.0
20200714 134222	159.705	34.18	30.52	30.0	1	0.0	0.0	0.5	0.0	0.0
20200714 134224	161.753	34.15	30.53	30.0	1	0.0	0.0	0.5	0.0	0.0
20200714 134226	163.801	34.14	30.55	30.0	1	0.0	0.0	0.5	0.0	0.0
20200714 134228	165.849	34.1	30.56	30.0	1	0.0	0.0	0.5	0.0	0.0
20200714 134230	167.894	34.07	30.58	30.0	1	0.0	0.0	0.5	0.0	0.0
20200714 134232	169.945	34.05	30.61	30.0	1	0.0	0.0	0.5	0.0	0.0
20200714 134234	171.993	34.02	30.61	30.0	1	0.0	0.0	0.5	0.0	0.0
20200714 134236	174.04	34.01	30.64	30.0	1	0.0	0.0	0.5	0.0	0.0
20200714 134238	176.088	33.97	30.64	30.0	1	0.0	0.0	0.5	0.0	0.0
20200714 134240	178.136	33.94	30.67	30.0	1	0.0	0.0	0.5	0.0	0.0
20200714 134242	180.183	33.93	30.69	30.0	1	0.0	0.0	0.5	0.0	0.0
20200714 134245	182.228	33.89	30.69	30.0	1	0.0	0.0	0.5	0.0	0.0
20200714 134247	184.278	33.88	30.72	30.0	1	0.0	0.0	0.5	0.0	0.0
20200714 134249	186.326	33.85	30.72	30.0	1	0.0	0.0	0.5	0.0	0.0
20200714 134251	188.374	33.81	30.74	30.0	1	0.0	0.0	0.5	0.0	0.0
20200714 134253	190.421	33.8	30.76	30.0	1	0.0	0.0	0.5	0.0	0.0
20200714 134255	192.469	33.77	30.77	30.0	1	0.0	0.0	0.5	0.0	0.0
20200714 134257	194.516	33.75	30.79	30.0	1	0.0	0.0	0.5	0.0	0.0
20200714 134259	196.564	33.72	30.79	30.0	1	0.0	0.0	0.5	0.0	0.0
20200714 134301	198.611	33.69	30.81	30.0	1	0.0	0.0	0.5	0.0	0.0
20200714 134303	200.659	33.67	30.83	30.0	1	0.0	0.0	0.5	0.0	0.0
20200714 134305	202.706	33.64	30.84	30.0	1	0.0	0.0	0.5	0.0	0.0
20200714 134307	204.754	33.62	30.86	30.0	1	0.0	0.0	0.5	0.0	0.0
20200714 134309	206.802	33.59	30.86	30.0	1	0.0	0.0	0.5	0.0	0.0
20200714 134311	208.848	33.56	30.88	30.0	1	0.0	0.0	0.5	0.0	0.0
20200714 134313	210.893	33.55	30.9	30.0	1	0.0	0.0	0.5	0.0	0.0
20200714 134315	212.944	33.52	30.9	30.0	1	0.0	0.0	0.5	0.0	0.0
20200714 134317	214.987	33.5	30.92	30.0	1	0.0	0.0	0.5	0.0	0.0
20200714 134319	217.04	33.47	30.93	30.0	1	0.0	0.0	0.5	0.0	0.0
20200714 134321	219.084	33.44	30.94	30.0	1	0.0	0.0	0.5	0.0	0.0
20200714 134323	221.146	33.42	30.96	30.0	1	0.0	0.0	0.5	0.0	0.0
20200714 134325	223.194	33.39	30.96	30.0	1	0.0	0.0	0.5	0.0	0.0
20200714 134328	225.242	33.38	30.98	30.0	1	0.0	0.0	0.5	0.0	0.0
20200714 134330	227.29	33.35	30.98	30.0	1	0.0	0.0	0.5	0.0	0.0
20200714 134332	229.338	33.31	31.0	30.0	1	0.0	0.0	0.5	0.0	0.0
20200714 134334	231.384	33.3	31.01	30.0	1	0.0	0.0	0.5	0.0	0.0
20200714 134336	233.432	33.27	31.02	30.0	1	0.0	0.0	0.5	0.0	0.0
20200714 134338	235.483	33.25	31.03	30.0	1	0.0	0.0	0.5	0.0	0.0
20200714 134340	237.527	33.22	31.04	30.0	1	0.0	0.0	0.5	0.0	0.0
20200714 134342	239.579	33.19	31.05	30.0	1	0.0	0.0	0.5	0.0	0.0
20200714 134344	241.627	33.17	31.06	30.0	1	0.0	0.0	0.5	0.0	0.0
20200714 134346	243.675	33.14	31.07	30.0	1	0.0	0.0	0.5	0.0	0.0
20200714 134348	245.723	33.13	31.08	30.0	1	0.0	0.0	0.5	0.0	0.0
20200714 134350	247.77	33.1	31.08	30.0	1	0.0	0.0	0.5	0.0	0.0
20200714 134352	249.815	33.06	31.1	30.0	1	0.0	0.0	0.5	0.0	0.0
20200714 134354	251.861	33.05	31.11	30.0	1	0.0	0.0	0.5	0.0	0.0
20200714 134356	253.913	33.02	31.11	30.0	1	0.0	0.0	0.5	0.0	0.0
20200714 134358	255.957	33.0	31.12	30.0	1	0.0	0.0	0.5	0.0	0.0
20200714 134400	258.008	32.97	31.12	30.0	1	0.0	0.0	0.5	0.0	0.0
20200714 134402	260.056	32.94	31.13	30.0	1	0.0	0.0	0.5	0.0	0.0
20200714 134404	262.103	32.93	31.14	30.0	1	0.0	0.0	0.5	0.0	0.0
20200714 134406	264.151	32.89	31.15	30.0	1	0.0	0.0	0.5	0.0	0.0
20200714 134408	266.199	32.88	31.15	30.0	1	0.0	0.0	0.5	0.0	0.0
20200714 134411	268.246	32.85	31.16	30.0	1	0.0	0.0	0.5	0.0	0.0
20200714 134413	270.294	32.82	31.17	30.0	1	0.0	0.0	0.5	0.0	0.0
20200714 134415	272.341	32.8	31.18	30.0	1	0.0	0.0	0.5	0.0	0.0
20200714 134417	274.389	32.77	31.18	30.0	1	0.0	0.0	0.5	0.0	0.0
20200714 134419	276.437	32.76	31.19	30.0	1	0.0	0.0	0.5	0.0	0.0
20200714 134421	278.484	32.72	31.19	30.0	1	0.0	0.0	0.5	0.0	0.0
20200714 134423	280.532	32.69	31.2	30.0	1	0.0	0.0	0.5	0.0	0.0
20200714 134425	282.579	32.68	31.2	30.0	1	0.0	0.0	0.5	0.0	0.0
20200714 134427	284.627	32.65	31.2	30.0	1	0.0	0.0	0.5	0.0	0.0
20200714 134429	286.674	32.63	31.21	30.0	1	0.0	0.0	0.5	0.0	0.0
20200714 134431	288.719	32.6	31.21	30.0	1	0.0	0.0	0.5	0.0	0.0
20200714 134433	290.769	32.57	31.22	30.0	1	0.0	0.0	0.5	0.0	0.0
20200714 134435	292.817	32.56	31.23	30.0	1	0.0	0.0	0.5	0.0	0.0
20200714 134437	294.861	32.53	31.23	30.0	1	0.0	0.0	0.5	0.0	0.0
20200714 134439	296.912	32.51	31.23	30.0	1	0.0	0.0	0.5	0.0	0.0
20200714 134441	298.96	32.48	31.23	30.0	1	0.0	0.0	0.5	0.0	0.0
20200714 134443	301.007	32.45	31.24	30.0	1	0.0	0.0	0.5	0.0	0.0
20200714 134445	303.055	32.44	31.24	30.0	1	0.0	0.0	0.5	0.0	0.0
20200714 134447	305.105	32.41	31.24	30.0	1	0.0	0.0	0.5	0.0	0.0
20200714 134449	307.15	32.39	31.24	30.0	1	0.0	0.0	0.5	0.0	0.0
20200714 134451	309.2	32.36	31.25	30.0	1	0.0	0.0	0.5	0.0	0.0
20200714 134454	311.248	32.33	31.25	30.0	1	0.0	0.0	0.5	0.0	0.0
20200714 134456	313.295	32.32	31.25	30.0	1	0.0	0.0	0.5	0.0	0.0
20200714 134458	315.343	32.29	31.25	30.0	1	0.0	0.0	0.5	0.0	0.0
20200714 134500	317.385	32.27	31.25	30.0	1	0.0	0.0	0.5	0.0	0.0
20200714 134502	319.438	32.24	31.25	30.0	1	0.0	0.0	0.5	0.0	0.0
20200714 134504	321.486	32.21	31.26	30.0	1	0.0	0.0	0.5	0.0	0.0
20200714 134506	323.548	32.19	31.26	30.0	1	0.0	0.0	0.5	0.0	0.0
20200714 134508	325.596	32.16	31.26	30.0	1	0.0	0.0	0.5	0.0	0.0
20200714 134510	327.645	32.15	31.26	30.0	1	0.0	0.0	0.5	0.0	0.0
20200714 134512	329.692	32.12	31.26	30.0	1	0.0	0.0	0.5	0.0	0.0
20200714 134514	331.74	32.09	31.26	30.0	1	0.0	0.0	0.5	0.0	0.0
20200714 134516	333.788	32.07	31.26	30.0	1	0.0	0.0	0.5	0.0	0.0
20200714 134518	335.835	32.04	31.26	30.0	1	0.0	0.0	0.5	0.0	0.0
20200714 134520	337.881	32.03	31.26	30.0	1	0.0	0.0	0.5	0.0	0.0
20200714 134522	339.93	32.0	31.26	30.0	1	0.0	0.0	0.5	0.0	0.0
20200714 134524	341.97	31.97	31.26	30.0	1	0.0	0.0	0.5	0.0	0.0
20200714 134526	344.026	31.95	31.26	30.0	1	0.0	0.0	0.5	0.0	0.0
20200714 134528	346.073	31.92	31.26	30.0	1	0.0	0.0	0.5	0.0	0.0
20200714 134530	348.121	31.91	31.26	30.0	1	0.0	0.0	0.5	0.0	0.0
20200714 134532	350.169	31.88	31.26	30.0	1	0.0	0.0	0.5	0.0	0.0
20200714 134535	352.216	31.85	31.25	30.0	1	0.0	0.0	0.5	0.0	0.0
20200714 134537	354.264	31.83	31.25	30.0	1	0.0	0.0	0.5	0.0	0.0
20200714 134539	356.311	31.8	31.25	30.0	1	0.0	0.0	0.5	0.0	0.0
20200714 134541	358.359	31.79	31.25	30.0	1	0.0	0.0	0.5	0.0	0.0
20200714 134543	360.406	31.76	31.25	30.0	1	0.0	0.0	0.5	0.0	0.0
20200714 134545	362.454	31.73	31.24	30.0	1	0.0	0.0	0.5	0.0	0.0
20200714 134547	364.502	31.71	31.24	30.0	1	0.0	0.0	0.5	0.0	0.0
20200714 134549	366.549	31.68	31.24	30.0	1	0.0	0.0	0.5	0.0	0.0
20200714 134551	368.597	31.67	31.24	30.0	1	0.0	0.0	0.5	0.0	0.0
20200714 134553	370.644	31.64	31.23	30.0	1	0.0	0.0	0.5	0.0	0.0
20200714 134555	372.692	31.61	31.23	30.0	1	0.0	0.0	0.5	0.0	0.0
20200714 134557	374.739	31.59	31.23	30.0	1	0.0	0.0	0.5	0.0	0.0
20200714 134559	376.787	31.56	31.23	30.0	1	0.0	0.0	0.5	0.0	0.0
20200714 134601	378.829	31.55	31.22	30.0	1	0.0	0.0	0.5	0.0	0.0
20200714 134603	380.882	31.52	31.22	30.0	1	0.0	0.0	0.5	0.0	0.0
20200714 134605	382.926	31.49	31.21	30.0	1	0.0	0.0	0.5	0.0	0.0
20200714 134607	384.972	31.48	31.21	30.0	1	0.0	0.0	0.5	0.0	0.0
20200714 134609	387.025	31.45	31.21	30.0	1	0.0	0.0	0.5	0.0	0.0
20200714 134611	389.072	31.43	31.2	30.0	1	0.0	0.0	0.5	0.0	0.0
20200714 134613	391.12	31.4	31.2	30.0	1	0.0	0.0	0.5	0.0	0.0
20200714 134615	393.165	31.37	31.19	30.0	1	0.0	0.0	0.5	0.0	0.0
20200714 134618	395.215	31.36	31.19	30.0	1	0.0	0.0	0.5	0.0	0.0
20200714 134620	397.263	31.33	31.18	30.0	1	0.0	0.0	0.5	0.0	0.0
20200714 134622	399.311	31.31	31.18	30.0	1	0.0	0.0	0.5	0.0	0.0
20200714 134624	401.358	31.28	31.18	30.0	1	0.0	0.0	0.5	0.0	0.0
20200714 134626	403.401	31.25	31.17	30.0	1	0.0	0.0	0.5	0.0	0.0
20200714 134628	405.453	31.24	31.16	30.0	1	0.0	0.0	0.5	0.0	0.0
20200714 134630	407.501	31.21	31.16	30.0	1	0.0	0.0	0.5	0.0	0.0
20200714 134632	409.548	31.2	31.15	30.0	1	0.0	0.0	0.5	0.0	0.0
20200714 134634	411.596	31.17	31.15	30.0	1	0.0	0.0	0.5	0.0	0.0
20200714 134636	413.644	31.14	31.14	30.0	1	0.0	0.0	0.5	0.0	0.0
20200714 134638	415.707	31.12	31.13	30.0	1	0.0	0.0	0.5	0.0	0.0
20200714 134640	417.755	31.09	31.13	30.0	1	0.0	0.0	0.5	0.0	0.0
20200714 134642	419.803	31.08	31.12	30.0	1	0.0	0.0	0.5	0.0	0.0
20200714 134644	421.85	31.05	31.12	30.0	1	0.0	0.0	0.5	0.0	0.0
20200714 134646	423.897	31.02	31.11	30.0	1	0.0	0.0	0.5	0.0	0.0
20200714 134648	425.945	31.01	31.1	30.0	1	0.0	0.0	0.5	0.0	0.0
20200714 134650	427.986	30.98	31.1	30.0	1	0.0	0.0	0.5	0.0	0.0
20200714 134652	430.041	30.96	31.09	30.0	1	0.0	0.0	0.5	0.0	0.0
20200714 134654	432.088	30.93	31.09	30.0	1	0.0	0.0	0.5	0.0	0.0
20200714 134656	434.136	30.9	31.08	30.0	1	0.0	0.0	0.5	0.0	0.0
20200714 134658	436.183	30.89	31.07	30.0	1	0.0	0.0	0.5	0.0	0.0
20200714 134701	438.226	30.86	31.07	30.0	1	0.0	0.0	0.5	0.0	0.0
20200714 134703	440.271	30.84	31.06	30.0	1	0.0	0.0	0.5	0.0	0.0
20200714 134705	442.326	30.81	31.05	30.0	1	0.0	0.0	0.5	0.0	0.0
20200714 134707	444.374	30.78	31.04	30.0	1	0.0	0.0	0.5	0.0	0.0
20200714 134709	446.431	30.77	31.03	30.0	1	0.0	0.0	0.5	0.0	0.0
20200714 134711	448.484	30.74	31.03	30.0	1	0.0	0.0	0.5	0.0	0.0
20200714 134713	450.526	30.72	31.02	30.0	1	0.0	0.0	0.5	0.0	0.0
20200714 134715	452.577	30.7	31.01	30.0	1	0.0	0.0	0.5	0.0	0.0
20200714 134717	454.623	30.67	31.0	30.0	1	0.0	0.0	0.5	0.0	0.0
20200714 134719	456.671	30.65	30.99	30.0	1	0.0	0.0	0.5	0.0	0.0
20200714 134721	458.719	30.62	30.99	30.0	1	0.0	0.0	0.5	0.0	0.0
20200714 134723	460.767	30.61	30.98	30.0	1	0.0	0.0	0.5	0.0	0.0
20200714 134725	462.818	30.58	30.97	30.0	1	0.0	0.0	0.5	0.0	0.0
20200714 134727	464.86	30.55	30.96	30.0	1	0.0	0.0	0.5	0.0	0.0
20200714 134729	466.913	30.54	30.95	30.0	1	0.0	0.0	0.5	0.0	0.0
20200714 134731	468.959	30.51	30.95	30.0	1	0.0	0.0	0.5	0.0	0.0
20200714 134733	471.007	30.49	30.93	30.0	1	0.0	0.0	0.5	0.0	0.0
20200714 134735	473.055	30.46	30.93	30.0	1	0.0	0.0	0.5	0.0	0.0
20200714 134737	475.103	30.44	30.92	30.0	1	0.0	0.0	0.5	0.0	0.0
20200714 134739	477.151	30.42	30.9	30.0	1	0.0	0.0	0.5	0.0	0.0
20200714 134741	479.196	30.39	30.9	30.0	1	0.0	0.0	0.5	0.0	0.0
20200714 134744	481.239	30.38	30.89	30.0	1	0.0	0.0	0.5	0.0	0.0
20200714 134746	483.294	30.35	30.88	30.0	1	0.0	0.0	0.5	0.0	0.0
20200714 134748	485.342	30.32	30.87	30.0	1	0.0	0.0	0.5	0.0	0.0
20200714 134750	487.389	30.3	30.86	30.0	1	0.0	0.0	0.5	0.0	0.0
20200714 134752	489.437	30.27	30.85	30.0	1	0.0	0.0	0.5	0.0	0.0
20200714 134754	491.484	30.26	30.84	30.0	1	0.0	0.0	0.5	0.0	0.0
20200714 134756	493.532	30.23	30.84	30.0	1	0.0	0.0	0.5	0.0	0.0
20200714 134758	495.58	30.2	30.82	30.0	1	0.0	0.0	0.5	0.0	0.0
20200714 134800	497.627	30.19	30.81	30.0	1	0.0	0.0	0.5	0.0	0.0
20200714 134802	499.675	30.16	30.81	30.0	1	0.0	0.0	0.5	0.0	0.0
20200714 134804	501.722	30.14	30.79	30.0	1	0.0	0.0	0.5	0.0	0.0
20200714 134806	503.764	30.12	30.79	30.0	1	0.0	0.0	0.5	0.0	0.0
20200714 134808	505.818	30.09	30.78	30.0	1	0.0	0.0	0.5	0.0	0.0
20200714 134810	507.864	30.07	30.76	30.0	1	0.0	0.0	0.5	0.0	0.0
20200714 134812	509.91	30.04	30.76	30.0	1	0.0	0.0	0.5	0.0	0.0
20200714 134814	511.96	30.03	30.74	30.0	1	0.0	0.0	0.5	0.0	0.0
20200714 134816	514.006	30.0	30.74	30.0	1	0.0	0.0	0.5	0.0	0.0
20200714 134818	516.055	29.97	30.72	30.0	1	0.0	0.0	0.5	0.0	0.0
20200714 134820	518.105	29.96	30.7	30.0	1	0.0	0.0	0.5	0.0	0.0
20200714 134822	520.15	29.93	30.7	30.0	1	0.0	0.0	0.5	0.0	0.0
20200714 134824	522.191	29.91	30.69	30.0	1	0.0	0.0	0.5	0.0	0.0
20200714 134827	524.243	29.88	30.68	30.0	1	0.0	0.0	0.5	0.0	0.0
20200714 134829	526.293	29.86	30.67	30.0	1	0.0	0.0	0.5	0.0	0.0
20200714 134831	528.336	29.84	30.65	30.0	1	0.0	0.0	0.5	0.0	0.0
20200714 134833	530.389	29.81	30.65	30.0	1	0.0	0.0	0.5	0.0	0.0
20200714 134835	532.436	29.8	30.63	30.0	1	0.0	0.0	0.5	0.0	0.0
20200714 134837	534.499	29.77	30.63	30.0	1	0.0	0.0	0.5	0.0	0.0
20200714 134839	536.544	29.74	30.61	30.0	1	0.0	0.0	0.5	0.0	0.0
20200714 134841	538.592	29.73	30.6	30.0	1	0.0	0.0	0.5	0.0	0.0
20200714 134843	540.641	29.7	30.59	30.0	1	0.0	0.0	0.5	0.0	0.0
20200714 134845	542.688	29.69	30.58	30.0	1	0.0	0.0	0.5	0.0	0.0
20200714 134847	544.736	29.66	30.57	30.0	1	0.0	0.0	0.5	0.0	0.0
20200714 134849	546.784	29.63	30.56	30.0	1	0.0	0.0	0.5	0.0	0.0
20200714 134851	548.832	29.61	30.54	30.0	1	0.0	0.0	0.5	0.0	0.0
20200714 134853	550.874	29.59	30.54	30.0	1	0.0	0.0	0.5	0.0	0.0
20200714 134855	552.928	29.57	30.52	30.0	1	0.0	0.0	0.5	0.0	0.0
20200714 134857	554.976	29.54	30.52	30.0	1	0.0	0.0	0.5	0.0	0.0
20200714 134859	557.023	29.52	30.5	30.0	1	0.0	0.0	0.5	0.0	0.0
20200714 134901	559.071	29.5	30.48	30.0	1	0.0	0.0	0.5	0.0	0.0
20200714 134903	561.118	29.47	30.48	30.0	1	0.0	0.0	0.5	0.0	0.0
20200714 134905	563.161	29.46	30.46	30.0	1	0.0	0.0	0.5	0.0	0.0
20200714 134908	565.212	29.43	30.46	30.0	1	0.0	0.0	0.5	0.0	0.0
20200714 134910	567.261	29.4	30.44	30.0	1	0.0	0.0	0.5	0.0	0.0
20200714 134912	569.309	29.39	30.42	30.0	1	0.0	0.0	0.5	0.0	0.0
20200714 134914	571.356	29.36	30.42	30.0	1	0.0	0.0	0.5	0.0	0.0
20200714 134916	573.404	29.35	30.4	30.0	1	0.0	0.0	0.5	0.0	0.0
20200714 134918	575.444	29.32	30.4	30.0	1	0.0	0.0	0.5	0.0	0.0
20200714 134920	577.499	29.29	30.38	30.0	1	0.0	0.0	0.5	0.0	0.0
20200714 134922	579.547	29.27	30.36	30.0	1	0.0	0.0	0.5	0.0	0.0
20200714 134924	581.594	29.25	30.36	30.0	1	0.0	0.0	0.5	0.0	0.0
20200714 134926	583.642	29.23	30.34	30.0	1	0.0	0.0	0.5	0.0	0.0
20200714 134928	585.69	29.2	30.33	30.0	1	0.0	0.0	0.5	0.0	0.0
20200714 134930	587.737	29.18	30.32	30.0	1	0.0	0.0	0.5	0.0	0.0
20200714 134932	589.785	29.16	30.3	30.0	1	0.0	0.0	0.5	0.0	0.0
20200714 134934	591.834	29.14	30.29	30.0	1	0.0	0.0	0.5	0.0	0.0
20200714 134936	593.874	29.12	30.28	30.0	1	0.0	0.0	0.5	0.0	0.0
20200714 134938	595.926	29.09	30.27	30.0	1	0.0	0.0	0.5	0.0	0.0
20200714 134940	597.975	29.07	30.25	30.0	1	0.0	0.0	0.5	0.0	0.0
20200714 134942	600.019	29.05	30.23	30.0	1	0.0	0.0	0.5	0.0	0.0
20200714 134944	602.07	29.02	30.23	30.0	1	0.0	0.0	0.5	0.0	0.0
20200714 134946	604.118	29.01	30.21	30.0	1	0.0	0.0	0.5	0.0	0.0
20200714 134948	606.166	28.98	30.21	30.0	1	0.0	0.0	0.5	0.0	0.0
20200714 134951	608.213	28.95	30.19	30.0	1	0.0	0.0	0.5	0.0	0.0
20200714 134953	610.261	28.94	30.17	30.0	1	0.0	0.0	0.5	0.0	0.0
20200714 134955	612.308	28.91	30.17	30.0	1	0.0	0.0	0.5	0.0	0.0
20200714 134957	614.356	28.9	30.15	30.0	1	0.0	0.0	0.5	0.0	0.0
20200714 134959	616.403	28.87	30.14	30.0	1	0.0	0.0	0.5	0.0	0.0
20200714 135001	618.451	28.84	30.12	30.0	1	0.0	0.0	0.5	0.0	0.0
20200714 135003	620.499	28.83	30.1	30.0	1	0.0	0.0	0.5	0.0	0.0
20200714 135005	622.539	28.8	30.1	30.0	1	0.0	0.0	0.5	0.0	0.0
20200714 135007	624.594	28.79	30.08	30.0	1	0.0	0.0	0.5	0.0	0.0
20200714 135009	626.642	28.76	30.07	30.0	1	0.0	0.0	0.5	0.0	0.0
20200714 135011	628.689	28.73	30.06	30.0	1	0.0	0.0	0.5	0.0	0.0
20200714 135013	630.731	28.72	30.04	30.0	1	0.0	0.0	0.5	0.0	0.0
20200714 135015	632.784	28.69	30.03	30.0	1	0.0	0.0	0.5	0.0	0.0
20200714 135017	634.832	28.67	30.01	30.0	1	0.0	0.0	0.5	0.0	0.0
20200714 135019	636.873	28.65	30.01	30.0	1	0.0	0.0	0.5	0.0	0.0
20200714 135021	638.927	28.62	29.99	30.0	1	0.0	0.0	0.5	0.0	0.0
20200714 135023	640.967	28.6	29.97	30.0	1	0.0	0.0	0.5	0.0	0.0
20200714 135025	643.022	28.58	29.96	30.0	1	0.0	0.0	0.5	0.0	0.0
20200714 135027	645.07	28.56	29.94	30.0	1	0.0	0.0	0.5	0.0	0.0
20200714 135029	647.117	28.54	29.94	30.0	1	0.0	0.0	0.5	0.0	0.0
20200714 135031	649.16	28.51	29.92	30.0	1	0.0	0.0	0.5	0.0	0.0
20200714 135034	651.213	28.5	29.9	30.0	1	0.0	0.0	0.5	0.0	0.0
20200714 135036	653.253	28.48	29.89	30.0	1	0.0	0.0	0.5	0.0	0.0
20200714 135038	655.308	28.47	29.88	30.0	1	0.0	0.0	0.5	0.0	0.0
20200714 135040	657.356	28.45	29.87	30.0	1	0.0	0.0	0.5	0.0	0.0
20200714 135042	659.403	28.44	29.85	30.0	1	0.0	0.0	0.5	0.0	0.0
20200714 135044	661.451	28.44	29.83	30.0	1	0.0	0.0	0.5	0.0	0.0
20200714 135046	663.498	28.43	29.82	30.0	1	0.0	0.0	0.5	0.0	0.0
20200714 135048	665.546	28.42	29.8	30.0	1	0.0	0.0	0.5	0.0	0.0
20200714 135050	667.593	28.42	29.8	30.0	1	0.0	0.0	0.5	0.0	0.0
20200714 135052	669.639	28.42	29.78	30.0	1	0.0	0.0	0.5	0.0	0.0
20200714 135054	671.689	28.42	29.76	30.0	1	0.0	0.0	0.5	0.0	0.0
20200714 135056	673.731	28.43	29.76	30.0	1	0.0	0.0	0.5	0.0	0.0
20200714 135058	675.784	28.43	29.74	30.0	1	0.0	0.0	0.5	0.0	0.0
20200714 135100	677.831	28.44	29.73	30.0	1	0.0	0.0	0.5	0.0	0.0
20200714 135102	679.872	28.46	29.71	30.0	1	0.0	0.0	0.5	0.0	0.0
20200714 135104	681.919	28.47	29.69	30.0	1	0.0	0.0	0.5	0.0	0.0
20200714 135106	683.969	28.48	29.69	30.0	1	0.0	0.0	0.5	0.0	0.0
20200714 135108	686.037	28.49	29.66	30.0	1	0.0	0.0	0.5	0.0	0.0
20200714 135110	688.083	28.52	29.66	30.0	1	0.0	0.0	0.5	0.0	0.0
20200714 135112	690.133	28.54	29.64	30.0	1	0.0	0.0	0.5	0.0	0.0
20200714 135114	692.18	28.56	29.62	30.0	1	0.0	0.0	0.5	0.0	0.0
20200714 135117	694.221	28.59	29.61	30.0	1	0.0	0.0	0.5	0.0	0.0
20200714 135119	696.275	28.6	29.59	30.0	1	0.0	0.0	0.5	0.0	0.0
20200714 135121	698.323	28.64	29.59	30.0	1	0.0	0.0	0.5	0.0	0.0
20200714 135123	700.371	28.68	29.57	30.0	1	0.0	0.0	0.5	0.0	0.0
20200714 135125	702.418	28.7	29.55	30.0	1	0.0	0.0	0.5	0.0	0.0
20200714 135127	704.466	28.74	29.54	30.0	1	0.0	0.0	0.5	0.0	0.0
20200714 135129	706.513	28.77	29.53	30.0	1	0.0	0.0	0.5	0.0	0.0
20200714 135131	708.561	28.82	29.52	30.0	1	0.0	0.0	0.5	0.0	0.0
20200714 135133	710.604	28.87	29.5	30.0	1	0.0	0.0	0.5	0.0	0.0
20200714 135135	712.656	28.9	29.48	30.0	1	0.0	0.0	0.5	0.0	0.0
20200714 135137	714.698	28.96	29.48	30.0	1	0.0	0.0	0.5	0.0	0.0
20200714 135139	716.751	28.99	29.46	30.0	1	0.0	0.0	0.5	0.0	0.0
20200714 135141	718.799	29.05	29.46	30.0	1	0.0	0.0	0.5	0.0	0.0
20200714 135143	720.845	29.11	29.44	30.0	1	0.0	0.0	0.5	0.0	0.0
20200714 135145	722.894	29.14	29.42	30.0	1	0.0	0.0	0.5	0.0	0.0
20200714 135147	724.941	29.2	29.41	30.0	1	0.0	0.0	0.5	0.0	0.0
20200714 135149	726.989	29.24	29.4	30.0	1	0.0	0.0	0.5	0.0	0.0
20200714 135151	729.037	29.3	29.39	30.0	1	0.0	0.0	0.5	0.0	0.0
20200714 135153	731.084	29.36	29.37	30.0	1	0.0	0.0	0.5	0.0	0.0
20200714 135155	733.125	29.39	29.36	30.0	1	0.0	0.0	0.5	0.0	0.0
20200714 135157	735.178	29.46	29.35	30.0	1	0.0	0.0	0.5	0.0	0.0
20200714 135200	737.228	29.49	29.34	30.0	1	0.0	0.0	0.5	0.0	0.0
20200714 135202	739.272	29.55	29.33	30.0	1	0.0	0.0	0.5	0.0	0.0
20200714 135204	741.322	29.61	29.32	30.0	1	0.0	0.0	0.5	0.0	0.0
20200714 135206	743.37	29.64	29.3	30.0	1	0.0	0.0	0.5	0.0	0.0
20200714 135208	745.417	29.71	29.3	30.0	1	0.0	0.0	0.5	0.0	0.0
20200714 135210	747.465	29.74	29.28	30.0	1	0.0	0.0	0.5	0.0	0.0
20200714 135212	749.513	29.8	29.28	30.0	1	0.0	0.0	0.5	0.0	0.0
20200714 135214	751.56	29.86	29.27	30.0	1	0.0	0.0	0.5	0.0	0.0
20200714 135216	753.606	29.89	29.25	30.0	1	0.0	0.0	0.5	0.0	0.0
20200714 135218	755.655	29.95	29.25	30.0	1	0.0	0.0	0.5	0.0	0.0
20200714 135220	757.703	29.99	29.24	30.0	1	0.0	0.0	0.5	0.0	0.0
20200714 135222	759.751	30.05	29.23	30.0	1	0.0	0.0	0.5	0.0	0.0
20200714 135224	761.798	30.11	29.22	30.0	1	0.0	0.0	0.5	0.0	0.0
20200714 135226	763.839	30.14	29.21	30.0	1	0.0	0.0	0.5	0.0	0.0
20200714 135228	765.893	30.2	29.21	30.0	1	0.0	0.0	0.5	0.0	0.0
20200714 135230	767.936	30.23	29.2	30.0	1	0.0	0.0	0.5	0.0	0.0
20200714 135232	769.988	30.29	29.19	30.0	1	0.0	0.0	0.5	0.0	0.0
20200714 135234	772.036	30.36	29.18	30.0	1	0.0	0.0	0.5	0.0	0.0
20200714 135236	774.084	30.39	29.17	30.0	1	0.0	0.0	0.5	0.0	0.0
20200714 135238	776.131	30.45	29.17	30.0	1	0.0	0.0	0.5	0.0	0.0
20200714 135240	778.195	30.48	29.16	30.0	1	0.0	0.0	0.5	0.0	0.0
20200714 135243	780.243	30.54	29.16	30.0	1	0.0	0.0	0.5	0.0	0.0
20200714 135245	782.29	30.61	29.15	30.0	1	0.0	0.0	0.5	0.0	0.0
20200714 135247	784.338	30.64	29.14	30.0	1	0.0	0.0	0.5	0.0	0.0
20200714 135249	786.385	30.7	29.14	30.0	1	0.0	0.0	0.5	0.0	0.0
20200714 135251	788.433	30.73	29.13	30.0	1	0.0	0.0	0.5	0.0	0.0
20200714 135253	790.481	30.79	29.13	30.0	1	0.0	0.0	0.5	0.0	0.0
20200714 135255	792.528	30.86	29.12	30.0	1	0.0	0.0	0.5	0.0	0.0
20200714 135257	794.576	30.89	29.12	30.0	1	0.0	0.0	0.5	0.0	0.0
20200714 135259	796.623	30.95	29.12	30.0	1	0.0	0.0	0.5	0.0	0.0
20200714 135301	798.671	30.98	29.11	30.0	1	0.0	0.0	0.5	0.0	0.0
20200714 135303	800.718	31.04	29.11	30.0	1	0.0	0.0	0.5	0.0	0.0
20200714 135305	802.766	31.1	29.11	30.0	1	0.0	0.0	0.5	0.0	0.0
20200714 135307	804.807	31.13	29.1	30.0	1	0.0	0.0	0.5	0.0	0.0
20200714 135309	806.863	31.19	29.1	30.0	1	0.0	0.0	0.5	0.0	0.0
20200714 135311	808.903	31.22	29.1	30.0	1	0.0	0.0	0.5	0.0	0.0
20200714 135313	810.956	31.29	29.1	30.0	1	0.0	0.0	0.5	0.0	0.0
20200714 135315	813.001	31.34	29.09	30.0	1	0.0	0.0	0.5	0.0	0.0
20200714 135317	815.045	31.37	29.09	30.0	1	0.0	0.0	0.5	0.0	0.0
20200714 135319	817.099	31.44	29.09	30.0	1	0.0	0.0	0.5	0.0	0.0
20200714 135321	819.147	31.47	29.09	30.0	1	0.0	0.0	0.5	0.0	0.0
20200714 135323	821.194	31.53	29.09	30.0	1	0.0	0.0	0.5	0.0	0.0
20200714 135326	823.241	31.59	29.09	30.0	1	0.0	0.0	0.5	0.0	0.0
20200714 135328	825.29	31.62	29.09	30.0	1	0.0	0.0	0.5	0.0	0.0
20200714 135330	827.337	31.68	29.09	30.0	1	0.0	0.0	0.5	0.0	0.0
20200714 135332	829.377	31.71	29.09	30.0	1	0.0	0.0	0.5	0.0	0.0
20200714 135334	831.432	31.77	29.1	30.0	1	0.0	0.0	0.5	0.0	0.0
20200714 135336	833.48	31.83	29.1	30.0	1	0.0	0.0	0.5	0.0	0.0
20200714 135338	835.527	31.86	29.1	30.0	1	0.0	0.0	0.5	0.0	0.0
20200714 135348	845.766	32.1	29.11	30.0	1	0.0	0.0	0.5	0.25	0.0
20200714 135350	847.813	32.16	29.11	30.0	1	0.0	0.0	0.5	0.25	0.0
20200714 135352	849.861	32.19	29.12	30.0	1	0.0	0.0	0.5	0.25	0.0
20200714 135354	851.906	32.25	29.12	30.0	1	0.0	0.0	0.5	0.25	0.0
20200714 135356	853.952	32.31	29.13	30.0	1	0.0	0.0	0.5	0.25	0.0
20200714 135358	856.003	32.34	29.13	30.0	1	0.0	0.0	0.5	0.25	0.0
20200714 135400	858.054	32.4	29.14	30.0	1	0.0	0.0	0.5	0.25	0.0
20200714 135402	860.099	32.43	29.14	30.0	1	0.0	0.0	0.5	0.25	0.0
20200714 135404	862.14	32.49	29.15	30.0	1	0.0	0.0	0.5	0.25	0.0
20200714 135406	864.194	32.55	29.15	30.0	1	0.0	0.0	0.5	0.25	0.0
20200714 135409	866.236	32.58	29.16	30.0	1	0.0	0.0	0.5	0.25	0.0
20200714 135411	868.29	32.64	29.17	30.0	1	0.0	0.0	0.5	0.25	0.0
20200714 135413	870.353	32.67	29.18	30.0	1	0.0	0.0	0.5	0.25	0.0
20200714 135415	872.4	32.72	29.18	30.0	1	0.0	0.0	0.5	0.25	0.0
20200714 135417	874.444	32.78	29.19	30.0	1	0.0	0.0	0.5	0.25	0.0
20200714 135419	876.496	32.81	29.2	30.0	1	0.0	0.0	0.5	0.25	0.0
20200714 135421	878.543	32.87	29.2	30.0	1	0.0	0.0	0.5	0.25	0.0
20200714 135423	880.591	32.9	29.21	30.0	1	0.0	0.0	0.5	0.25	0.0
20200714 135425	882.638	32.96	29.21	30.0	1	0.0	0.0	0.5	0.25	0.0
20200714 135427	884.683	33.02	29.22	30.0	1	0.0	0.0	0.5	0.25	0.0
20200714 135429	886.734	33.05	29.24	30.0	1	0.0	0.0	0.5	0.25	0.0
20200714 135431	888.781	33.11	29.24	30.0	1	0.0	0.0	0.5	0.25	0.0
20200714 135433	890.822	33.14	29.25	30.0	1	0.0	0.0	0.5	0.25	0.0
20200714 135435	892.87	33.2	29.26	30.0	1	0.0	0.0	0.5	0.25	0.0
20200714 135437	894.922	33.25	29.27	30.0	1	0.0	0.0	0.5	0.25	0.0
20200714 135439	896.97	33.28	29.29	30.0	1	0.0	0.0	0.5	0.25	0.0
20200714 135441	899.019	33.34	29.29	30.0	1	0.0	0.0	0.5	0.25	0.0
20200714 135443	901.067	33.37	29.3	30.0	1	0.0	0.0	0.5	0.25	0.0
20200714 135445	903.116	33.43	29.31	30.0	1	0.0	0.0	0.5	0.25	0.0
20200714 135447	905.162	33.49	29.32	30.0	1	0.0	0.0	0.5	0.25	0.0
20200714 135450	907.21	33.52	29.34	30.0	1	0.0	0.0	0.5	0.25	0.0
20200714 135452	909.257	33.57	29.35	30.0	1	0.0	0.0	0.5	0.25	0.0
20200714 135454	911.318	33.6	29.36	30.0	1	0.0	0.0	0.5	0.25	0.0
20200714 135456	913.365	33.66	29.36	30.0	1	0.0	0.0	0.5	0.25	0.0
20200714 135458	915.413	33.72	29.38	30.0	1	0.0	0.0	0.5	0.25	0.0
20200714 135500	917.46	33.75	29.4	30.0	1	0.0	0.0	0.5	0.25	0.0
20200714 135502	919.508	33.81	29.4	30.0	1	0.0	0.0	0.5	0.25	0.0
20200714 135504	921.556	33.84	29.42	30.0	1	0.0	0.0	0.5	0.25	0.0
20200714 135506	923.604	33.89	29.43	30.0	1	0.0	0.0	0.5	0.25	0.0
20200714 135508	925.651	33.95	29.45	30.0	1	0.0	0.0	0.5	0.25	0.0
20200714 135510	927.699	33.98	29.47	30.0	1	0.0	0.0	0.5	0.25	0.0
20200714 135512	929.746	34.04	29.47	30.0	1	0.0	0.0	0.5	0.25	0.0
20200714 135514	931.794	34.07	29.49	30.0	1	0.0	0.0	0.5	0.25	0.0
20200714 135516	933.841	34.13	29.5	30.0	1	0.0	0.0	0.5	0.25	0.0
20200714 135518	935.889	34.18	29.51	30.0	1	0.0	0.0	0.5	0.25	0.0
20200714 135520	937.936	34.21	29.53	30.0	1	0.0	0.0	0.5	0.25	0.0
20200714 135522	939.98	34.27	29.54	30.0	1	0.0	0.0	0.5	0.25	0.0
20200714 135524	942.032	34.3	29.56	30.0	1	0.0	0.0	0.5	0.25	0.0
20200714 135526	944.079	34.36	29.57	30.0	1	0.0	0.0	0.5	0.25	0.0
20200714 135528	946.127	34.41	29.59	30.0	1	0.0	0.0	0.5	0.25	0.0
20200714 135530	948.174	34.44	29.61	30.0	1	0.0	0.0	0.5	0.25	0.0
20200714 135533	950.222	34.5	29.62	30.0	1	0.0	0.0	0.5	0.25	0.0
20200714 135535	952.27	34.53	29.64	30.0	1	0.0	0.0	0.5	0.25	0.0
20200714 135537	954.32	34.59	29.65	30.0	1	0.0	0.0	0.5	0.25	0.0
20200714 135539	956.364	34.64	29.67	30.0	1	0.0	0.0	0.5	0.25	0.0
20200714 135541	958.416	34.67	29.69	30.0	1	0.0	0.0	0.5	0.25	0.0
20200714 135543	960.459	34.72	29.7	30.0	1	0.0	0.0	0.5	0.25	0.0
20200714 135545	962.507	34.75	29.72	30.0	1	0.0	0.0	0.5	0.25	0.0
20200714 135547	964.558	34.79	29.73	30.0	1	0.0	0.0	0.5	0.25	0.0
20200714 135549	966.602	34.84	29.75	30.0	1	0.0	0.0	0.5	0.25	0.0
20200714 135551	968.653	34.86	29.78	30.0	1	0.0	0.0	0.5	0.25	0.0
20200714 135553	970.697	34.89	29.78	30.0	1	0.0	0.0	0.5	0.25	0.0
20200714 135555	972.745	34.91	29.81	30.0	1	0.0	0.0	0.5	0.25	0.0
20200714 135557	974.792	34.94	29.81	30.0	1	0.0	0.0	0.5	0.25	0.0
20200714 135559	976.844	34.97	29.84	30.0	1	0.0	0.0	0.5	0.25	0.0
20200714 135601	978.887	34.99	29.87	30.0	1	0.0	0.0	0.5	0.25	0.0
20200714 135603	980.939	35.01	29.87	30.0	1	0.0	0.0	0.5	0.25	0.0
20200714 135605	982.979	35.02	29.9	30.0	1	0.0	0.0	0.5	0.25	0.0
20200714 135607	985.03	35.04	29.91	30.0	1	0.0	0.0	0.5	0.25	0.0
20200714 135609	987.077	35.06	29.93	30.0	1	0.0	0.0	0.5	0.25	0.0
20200714 135611	989.125	35.06	29.96	30.0	1	0.0	0.0	0.5	0.25	0.0
20200714 135613	991.173	35.07	29.96	30.0	1	0.0	0.0	0.5	0.25	0.0
20200714 135616	993.218	35.08	29.99	30.0	1	0.0	0.0	0.5	0.25	0.0
20200714 135618	995.268	35.08	30.0	30.0	1	0.0	0.0	0.5	0.25	0.0
20200714 135620	997.319	35.08	30.03	30.0	1	0.0	0.0	0.5	0.25	0.0
20200714 135622	999.363	35.08	30.06	30.0	1	0.0	0.0	0.5	0.25	0.0
20200714 135624	1001.411	35.07	30.06	30.0	1	0.0	0.0	0.5	0.25	0.0
20200714 135626	1003.458	35.07	30.09	30.0	1	0.0	0.0	0.5	0.25	0.0
20200714 135628	1005.506	35.05	30.1	30.0	1	0.0	0.0	0.5	0.25	0.0
20200714 135630	1007.553	35.03	30.13	30.0	1	0.0	0.0	0.5	0.25	0.0
20200714 135632	1009.599	35.02	30.15	30.0	1	0.0	0.0	0.5	0.25	0.0
20200714 135634	1011.648	35.0	30.16	30.0	1	0.0	0.0	0.5	0.25	0.0
20200714 135636	1013.696	34.98	30.19	30.0	1	0.0	0.0	0.5	0.25	0.0
20200714 135638	1015.746	34.95	30.2	30.0	1	0.0	0.0	0.5	0.25	0.0
20200714 135640	1017.791	34.92	30.23	30.0	1	0.0	0.0	0.5	0.25	0.0
20200714 135642	1019.843	34.9	30.25	30.0	1	0.0	0.0	0.5	0.25	0.0
20200714 135644	1021.886	34.87	30.26	30.0	1	0.0	0.0	0.5	0.25	0.0
20200714 135646	1023.933	34.85	30.29	30.0	1	0.0	0.0	0.5	0.25	0.0
20200714 135648	1025.979	34.82	30.3	30.0	1	0.0	0.0	0.5	0.25	0.0
20200714 135650	1028.028	34.79	30.33	30.0	1	0.0	0.0	0.5	0.25	0.0
20200714 135652	1030.078	34.77	30.36	30.0	1	0.0	0.0	0.5	0.25	0.0
20200714 135654	1032.123	34.74	30.36	30.0	1	0.0	0.0	0.5	0.25	0.0
20200714 135656	1034.171	34.72	30.39	30.0	1	0.0	0.0	0.5	0.25	0.0
20200714 135659	1036.218	34.69	30.4	30.0	1	0.0	0.0	0.5	0.25	0.0
20200714 135701	1038.266	34.65	30.43	30.0	1	0.0	0.0	0.5	0.25	0.0
20200714 135703	1040.314	34.64	30.45	30.0	1	0.0	0.0	0.5	0.25	0.0
20200714 135705	1042.362	34.6	30.46	30.0	1	0.0	0.0	0.5	0.25	0.0
20200714 135707	1044.409	34.59	30.49	30.0	1	0.0	0.0	0.5	0.25	0.0
20200714 135709	1046.456	34.56	30.49	30.0	1	0.0	0.0	0.5	0.25	0.0
20200714 135711	1048.504	34.52	30.52	30.0	1	0.0	0.0	0.5	0.25	0.0
20200714 135713	1050.552	34.51	30.55	30.0	1	0.0	0.0	0.5	0.25	0.0
20200714 135715	1052.599	34.47	30.56	30.0	1	0.0	0.0	0.5	0.25	0.0
20200714 135717	1054.648	34.46	30.58	30.0	1	0.0	0.0	0.5	0.25	0.0
20200714 135719	1056.694	34.42	30.59	30.0	1	0.0	0.0	0.5	0.25	0.0
20200714 135721	1058.742	34.39	30.62	30.0	1	0.0	0.0	0.5	0.25	0.0
20200714 135723	1060.789	34.38	30.64	30.0	1	0.0	0.0	0.5	0.25	0.0
20200714 135725	1062.845	34.34	30.65	30.0	1	0.0	0.0	0.5	0.25	0.0
20200714 135727	1064.905	34.33	30.67	30.0	1	0.0	0.0	0.5	0.25	0.0
20200714 135729	1066.946	34.3	30.68	30.0	1	0.0	0.0	0.5	0.25	0.0
20200714 135731	1069.001	34.26	30.7	30.0	1	0.0	0.0	0.5	0.25	0.0
20200714 135733	1071.048	34.25	30.73	30.0	1	0.0	0.0	0.5	0.25	0.0
20200714 135735	1073.096	34.22	30.74	30.0	1	0.0	0.0	0.5	0.25	0.0
20200714 135737	1075.144	34.2	30.76	30.0	1	0.0	0.0	0.5	0.25	0.0
20200714 135739	1077.191	34.17	30.77	30.0	1	0.0	0.0	0.5	0.25	0.0
20200714 135742	1079.239	34.14	30.79	30.0	1	0.0	0.0	0.5	0.25	0.0
20200714 135744	1081.287	34.12	30.81	30.0	1	0.0	0.0	0.5	0.25	0.0
20200714 135746	1083.334	34.09	30.82	30.0	1	0.0	0.0	0.5	0.25	0.0
20200714 135748	1085.382	34.07	30.84	30.0	1	0.0	0.0	0.5	0.25	0.0
20200714 135750	1087.43	34.04	30.85	30.0	1	0.0	0.0	0.5	0.25	0.0
20200714 135752	1089.477	34.01	30.87	30.0	1	0.0	0.0	0.5	0.25	0.0
20200714 135754	1091.52	33.99	30.89	30.0	1	0.0	0.0	0.5	0.25	0.0
20200714 135756	1093.572	33.96	30.9	30.0	1	0.0	0.0	0.5	0.25	0.0
20200714 135758	1095.62	33.95	30.92	30.0	1	0.0	0.0	0.5	0.25	0.0
20200714 135800	1097.667	33.92	30.92	30.0	1	0.0	0.0	0.5	0.25	0.0
20200714 135802	1099.715	33.88	30.94	30.0	1	0.0	0.0	0.5	0.25	0.0
20200714 135804	1101.756	33.87	30.96	30.0	1	0.0	0.0	0.5	0.25	0.0
20200714 135806	1103.81	33.83	30.97	30.0	1	0.0	0.0	0.5	0.25	0.0
20200714 135808	1105.851	33.82	30.99	30.0	1	0.0	0.0	0.5	0.25	0.0
20200714 135810	1107.899	33.79	30.99	30.0	1	0.0	0.0	0.5	0.25	0.0
20200714 135812	1109.946	33.76	31.01	30.0	1	0.0	0.0	0.5	0.25	0.0
20200714 135814	1112.001	33.74	31.03	30.0	1	0.0	0.0	0.5	0.25	0.0
20200714 135816	1114.043	33.71	31.04	30.0	1	0.0	0.0	0.5	0.25	0.0
20200714 135818	1116.096	33.69	31.05	30.0	1	0.0	0.0	0.5	0.25	0.0
20200714 135820	1118.142	33.66	31.06	30.0	1	0.0	0.0	0.5	0.25	0.0
20200714 135822	1120.191	33.63	31.08	30.0	1	0.0	0.0	0.5	0.25	0.0
20200714 135825	1122.232	33.61	31.09	30.0	1	0.0	0.0	0.5	0.25	0.0
20200714 135827	1124.286	33.58	31.1	30.0	1	0.0	0.0	0.5	0.25	0.0
20200714 135829	1126.334	33.57	31.11	30.0	1	0.0	0.0	0.5	0.25	0.0
20200714 135831	1128.381	33.53	31.12	30.0	1	0.0	0.0	0.5	0.25	0.0
20200714 135833	1130.429	33.5	31.14	30.0	1	0.0	0.0	0.5	0.25	0.0
20200714 135835	1132.471	33.49	31.15	30.0	1	0.0	0.0	0.5	0.25	0.0
20200714 135837	1134.519	33.46	31.16	30.0	1	0.0	0.0	0.5	0.25	0.0
20200714 135839	1136.572	33.44	31.17	30.0	1	0.0	0.0	0.5	0.25	0.0
20200714 135841	1138.619	33.41	31.17	30.0	1	0.0	0.0	0.5	0.25	0.0
20200714 135843	1140.667	33.38	31.19	30.0	1	0.0	0.0	0.5	0.25	0.0
20200714 135845	1142.715	33.36	31.2	30.0	1	0.0	0.0	0.5	0.25	0.0
20200714 135847	1144.762	33.33	31.21	30.0	1	0.0	0.0	0.5	0.25	0.0
20200714 135849	1146.81	33.32	31.22	30.0	1	0.0	0.0	0.5	0.25	0.0
20200714 135851	1148.852	33.29	31.22	30.0	1	0.0	0.0	0.5	0.25	0.0
20200714 135853	1150.899	33.26	31.24	30.0	1	0.0	0.0	0.5	0.25	0.0
20200714 135855	1152.953	33.24	31.25	30.0	1	0.0	0.0	0.5	0.25	0.0
20200714 135857	1154.993	33.21	31.25	30.0	1	0.0	0.0	0.5	0.25	0.0
20200714 135859	1157.042	33.2	31.27	30.0	1	0.0	0.0	0.5	0.25	0.0
20200714 135901	1159.095	33.17	31.27	30.0	1	0.0	0.0	0.5	0.25	0.0
20200714 135903	1161.143	33.13	31.28	30.0	1	0.0	0.0	0.5	0.25	0.0
20200714 135906	1163.206	33.12	31.29	30.0	1	0.0	0.0	0.5	0.25	0.0
20200714 135908	1165.254	33.09	31.29	30.0	1	0.0	0.0	0.5	0.25	0.0
20200714 135910	1167.297	33.07	31.3	30.0	1	0.0	0.0	0.5	0.25	0.0
20200714 135912	1169.349	33.04	31.3	30.0	1	0.0	0.0	0.5	0.25	0.0
20200714 135914	1171.397	33.01	31.31	30.0	1	0.0	0.0	0.5	0.25	0.0
20200714 135916	1173.444	32.99	31.32	30.0	1	0.0	0.0	0.5	0.25	0.0
20200714 135918	1175.492	32.96	31.32	30.0	1	0.0	0.0	0.5	0.25	0.0
20200714 135920	1177.539	32.95	31.33	30.0	1	0.0	0.0	0.5	0.25	0.0
20200714 135922	1179.587	32.92	31.33	30.0	1	0.0	0.0	0.5	0.25	0.0
20200714 135924	1181.635	32.89	31.34	30.0	1	0.0	0.0	0.5	0.25	0.0
20200714 135926	1183.682	32.87	31.35	30.0	1	0.0	0.0	0.5	0.25	0.0
20200714 135928	1185.73	32.85	31.35	30.0	1	0.0	0.0	0.5	0.25	0.0
20200714 135930	1187.773	32.83	31.36	30.0	1	0.0	0.0	0.5	0.25	0.0
20200714 135932	1189.825	32.8	31.36	30.0	1	0.0	0.0	0.5	0.25	0.0
20200714 135934	1191.868	32.77	31.37	30.0	1	0.0	0.0	0.5	0.25	0.0
20200714 135936	1193.914	32.76	31.38	30.0	1	0.0	0.0	0.5	0.25	0.0
20200714 135938	1195.968	32.73	31.38	30.0	1	0.0	0.0	0.5	0.25	0.0
20200714 135940	1198.015	32.71	31.38	30.0	1	0.0	0.0	0.5	0.25	0.0
20200714 135942	1200.063	32.69	31.38	30.0	1	0.0	0.0	0.5	0.25	0.0
20200714 135944	1202.103	32.66	31.39	30.0	1	0.0	0.0	0.5	0.25	0.0
20200714 135946	1204.158	32.64	31.39	30.0	1	0.0	0.0	0.5	0.25	0.0
20200714 135949	1206.206	32.61	31.39	30.0	1	0.0	0.0	0.5	0.25	0.0
20200714 135951	1208.25	32.6	31.4	30.0	1	0.0	0.0	0.5	0.25	0.0
20200714 135953	1210.294	32.57	31.4	30.0	1	0.0	0.0	0.5	0.25	0.0
20200714 135955	1212.343	32.54	31.4	30.0	1	0.0	0.0	0.5	0.25	0.0
20200714 135957	1214.395	32.52	31.4	30.0	1	0.0	0.0	0.5	0.25	0.0
20200714 135959	1216.444	32.49	31.4	30.0	1	0.0	0.0	0.5	0.25	0.0
20200714 140001	1218.485	32.48	31.41	30.0	1	0.0	0.0	0.5	0.25	0.0
20200714 140003	1220.534	32.45	31.41	30.0	1	0.0	0.0	0.5	0.25	0.0
20200714 140005	1222.586	32.42	31.41	30.0	1	0.0	0.0	0.5	0.25	0.0
20200714 140007	1224.634	32.4	31.41	30.0	1	0.0	0.0	0.5	0.25	0.0
20200714 140009	1226.676	32.37	31.41	30.0	1	0.0	0.0	0.5	0.25	0.0
20200714 140011	1228.725	32.36	31.42	30.0	1	0.0	0.0	0.5	0.25	0.0
20200714 140013	1230.773	32.33	31.42	30.0	1	0.0	0.0	0.5	0.25	0.0
20200714 140015	1232.827	32.3	31.42	30.0	1	0.0	0.0	0.5	0.25	0.0
20200714 140017	1234.888	32.29	31.42	30.0	1	0.0	0.0	0.5	0.25	0.0
20200714 140019	1236.93	32.26	31.42	30.0	1	0.0	0.0	0.5	0.25	0.0
20200714 140021	1238.983	32.24	31.42	30.0	1	0.0	0.0	0.5	0.25	0.0
20200714 140023	1241.028	32.21	31.42	30.0	1	0.0	0.0	0.5	0.25	0.0
20200714 140025	1243.076	32.19	31.42	30.0	1	0.0	0.0	0.5	0.25	0.0
20200714 140027	1245.125	32.17	31.42	30.0	1	0.0	0.0	0.5	0.25	0.0
20200714 140029	1247.167	32.14	31.41	30.0	1	0.0	0.0	0.5	0.25	0.0
20200714 140032	1249.221	32.13	31.41	30.0	1	0.0	0.0	0.5	0.25	0.0
20200714 140034	1251.263	32.1	31.41	30.0	1	0.0	0.0	0.5	0.25	0.0
20200714 140036	1253.311	32.07	31.41	30.0	1	0.0	0.0	0.5	0.25	0.0
20200714 140038	1255.362	32.05	31.41	30.0	1	0.0	0.0	0.5	0.25	0.0
20200714 140040	1257.411	32.02	31.41	30.0	1	0.0	0.0	0.5	0.25	0.0
20200714 140042	1259.459	32.01	31.41	30.0	1	0.0	0.0	0.5	0.25	0.0
20200714 140044	1261.523	31.98	31.41	30.0	1	0.0	0.0	0.5	0.25	0.0
20200714 140046	1263.57	31.95	31.41	30.0	1	0.0	0.0	0.5	0.25	0.0
20200714 140048	1265.611	31.93	31.4	30.0	1	0.0	0.0	0.5	0.25	0.0
20200714 140050	1267.659	31.9	31.4	30.0	1	0.0	0.0	0.5	0.25	0.0
20200714 140052	1269.713	31.89	31.4	30.0	1	0.0	0.0	0.5	0.25	0.0
20200714 140054	1271.76	31.86	31.4	30.0	1	0.0	0.0	0.5	0.25	0.0
20200714 140056	1273.808	31.83	31.39	30.0	1	0.0	0.0	0.5	0.25	0.0
20200714 140058	1275.856	31.82	31.39	30.0	1	0.0	0.0	0.5	0.25	0.0
20200714 140100	1277.896	31.79	31.39	30.0	1	0.0	0.0	0.5	0.25	0.0
20200714 140102	1279.943	31.77	31.38	30.0	1	0.0	0.0	0.5	0.25	0.0
20200714 140104	1281.999	31.74	31.38	30.0	1	0.0	0.0	0.5	0.25	0.0
20200714 140106	1284.039	31.71	31.38	30.0	1	0.0	0.0	0.5	0.25	0.0
20200714 140108	1286.088	31.7	31.37	30.0	1	0.0	0.0	0.5	0.25	0.0
20200714 140110	1288.142	31.67	31.37	30.0	1	0.0	0.0	0.5	0.25	0.0
20200714 140112	1290.189	31.65	31.37	30.0	1	0.0	0.0	0.5	0.25	0.0
20200714 140115	1292.229	31.62	31.36	30.0	1	0.0	0.0	0.5	0.25	0.0
20200714 140117	1294.279	31.59	31.36	30.0	1	0.0	0.0	0.5	0.25	0.0
20200714 140119	1296.326	31.58	31.35	30.0	1	0.0	0.0	0.5	0.25	0.0
20200714 140121	1298.377	31.55	31.35	30.0	1	0.0	0.0	0.5	0.25	0.0
20200714 140123	1300.427	31.54	31.34	30.0	1	0.0	0.0	0.5	0.25	0.0
20200714 140125	1302.476	31.51	31.34	30.0	1	0.0	0.0	0.5	0.25	0.0
20200714 140127	1304.522	31.48	31.34	30.0	1	0.0	0.0	0.5	0.25	0.0
20200714 140129	1306.563	31.46	31.33	30.0	1	0.0	0.0	0.5	0.25	0.0
20200714 140131	1308.612	31.43	31.33	30.0	1	0.0	0.0	0.5	0.25	0.0
20200714 140133	1310.66	31.42	31.32	30.0	1	0.0	0.0	0.5	0.25	0.0
20200714 140135	1312.712	31.39	31.32	30.0	1	0.0	0.0	0.5	0.25	0.0
20200714 140137	1314.754	31.36	31.31	30.0	1	0.0	0.0	0.5	0.25	0.0
20200714 140139	1316.801	31.35	31.3	30.0	1	0.0	0.0	0.5	0.25	0.0
20200714 140141	1318.855	31.32	31.3	30.0	1	0.0	0.0	0.5	0.25	0.0
20200714 140143	1320.897	31.31	31.29	30.0	1	0.0	0.0	0.5	0.25	0.0
20200714 140145	1322.945	31.28	31.29	30.0	1	0.0	0.0	0.5	0.25	0.0
20200714 140147	1324.996	31.25	31.28	30.0	1	0.0	0.0	0.5	0.25	0.0
20200714 140149	1327.04	31.23	31.27	30.0	1	0.0	0.0	0.5	0.25	0.0
20200714 140151	1329.087	31.21	31.27	30.0	1	0.0	0.0	0.5	0.25	0.0
20200714 140153	1331.135	31.19	31.26	30.0	1	0.0	0.0	0.5	0.25	0.0
20200714 140155	1333.186	31.16	31.26	30.0	1	0.0	0.0	0.5	0.25	0.0
20200714 140158	1335.231	31.13	31.25	30.0	1	0.0	0.0	0.5	0.25	0.0
20200714 140200	1337.283	31.11	31.24	30.0	1	0.0	0.0	0.5	0.25	0.0
20200714 140202	1339.329	31.09	31.24	30.0	1	0.0	0.0	0.5	0.25	0.0
20200714 140204	1341.372	31.07	31.23	30.0	1	0.0	0.0	0.5	0.25	0.0
20200714 140206	1343.42	31.04	31.22	30.0	1	0.0	0.0	0.5	0.25	0.0
20200714 140208	1345.468	31.01	31.21	30.0	1	0.0	0.0	0.5	0.25	0.0
20200714 140210	1347.514	31.0	31.2	30.0	1	0.0	0.0	0.5	0.25	0.0
20200714 140212	1349.564	30.97	31.2	30.0	1	0.0	0.0	0.5	0.25	0.0
20200714 140214	1351.609	30.95	31.19	30.0	1	0.0	0.0	0.5	0.25	0.0
20200714 140216	1353.662	30.92	31.19	30.0	1	0.0	0.0	0.5	0.25	0.0
20200714 140218	1355.709	30.89	31.18	30.0	1	0.0	0.0	0.5	0.25	0.0
20200714 140220	1357.755	30.88	31.17	30.0	1	0.0	0.0	0.5	0.25	0.0
20200714 140222	1359.801	30.85	31.16	30.0	1	0.0	0.0	0.5	0.25	0.0
20200714 140224	1361.851	30.83	31.15	30.0	1	0.0	0.0	0.5	0.25	0.0
20200714 140226	1363.901	30.8	31.15	30.0	1	0.0	0.0	0.5	0.25	0.0
20200714 140228	1365.947	30.77	31.14	30.0	1	0.0	0.0	0.5	0.25	0.0
20200714 140230	1367.995	30.76	31.13	30.0	1	0.0	0.0	0.5	0.25	0.0
20200714 140232	1370.045	30.73	31.12	30.0	1	0.0	0.0	0.5	0.25	0.0
20200714 140234	1372.092	30.71	31.11	30.0	1	0.0	0.0	0.5	0.25	0.0
20200714 140236	1374.14	30.68	31.11	30.0	1	0.0	0.0	0.5	0.25	0.0
20200714 140238	1376.187	30.65	31.09	30.0	1	0.0	0.0	0.5	0.25	0.0
20200714 140241	1378.232	30.64	31.08	30.0	1	0.0	0.0	0.5	0.25	0.0
20200714 140243	1380.279	30.61	31.08	30.0	1	0.0	0.0	0.5	0.25	0.0
20200714 140245	1382.329	30.59	31.07	30.0	1	0.0	0.0	0.5	0.25	0.0
20200714 140247	1384.378	30.56	31.06	30.0	1	0.0	0.0	0.5	0.25	0.0
20200714 140249	1386.425	30.54	31.05	30.0	1	0.0	0.0	0.5	0.25	0.0
20200714 140251	1388.467	30.52	31.04	30.0	1	0.0	0.0	0.5	0.25	0.0
20200714 140253	1390.52	30.49	31.04	30.0	1	0.0	0.0	0.5	0.25	0.0
20200714 140255	1392.566	30.48	31.02	30.0	1	0.0	0.0	0.5	0.25	0.0
20200714 140257	1394.613	30.45	31.02	30.0	1	0.0	0.0	0.5	0.25	0.0
20200714 140259	1396.663	30.42	31.0	30.0	1	0.0	0.0	0.5	0.25	0.0
20200714 140301	1398.71	30.4	30.99	30.0	1	0.0	0.0	0.5	0.25	0.0
20200714 140303	1400.758	30.38	30.99	30.0	1	0.0	0.0	0.5	0.25	0.0
20200714 140305	1402.798	30.36	30.97	30.0	1	0.0	0.0	0.5	0.25	0.0
20200714 140307	1404.853	30.33	30.97	30.0	1	0.0	0.0	0.5	0.25	0.0
20200714 140309	1406.9	30.3	30.95	30.0	1	0.0	0.0	0.5	0.25	0.0
20200714 140311	1408.947	30.29	30.94	30.0	1	0.0	0.0	0.5	0.25	0.0
20200714 140313	1410.996	30.26	30.94	30.0	1	0.0	0.0	0.5	0.25	0.0
20200714 140315	1413.04	30.25	30.92	30.0	1	0.0	0.0	0.5	0.25	0.0
20200714 140317	1415.091	30.22	30.92	30.0	1	0.0	0.0	0.5	0.25	0.0
20200714 140319	1417.137	30.19	30.9	30.0	1	0.0	0.0	0.5	0.25	0.0
20200714 140321	1419.186	30.17	30.89	30.0	1	0.0	0.0	0.5	0.25	0.0
20200714 140324	1421.234	30.14	30.89	30.0	1	0.0	0.0	0.5	0.25	0.0
20200714 140326	1423.276	30.13	30.87	30.0	1	0.0	0.0	0.5	0.25	0.0
20200714 140328	1425.329	30.1	30.87	30.0	1	0.0	0.0	0.5	0.25	0.0
20200714 140330	1427.371	30.07	30.85	30.0	1	0.0	0.0	0.5	0.25	0.0
20200714 140332	1429.424	30.06	30.84	30.0	1	0.0	0.0	0.5	0.25	0.0
20200714 140334	1431.468	30.03	30.84	30.0	1	0.0	0.0	0.5	0.25	0.0
20200714 140336	1433.534	30.02	30.82	30.0	1	0.0	0.0	0.5	0.25	0.0
20200714 140338	1435.581	29.99	30.82	30.0	1	0.0	0.0	0.5	0.25	0.0
20200714 140340	1437.625	29.96	30.8	30.0	1	0.0	0.0	0.5	0.25	0.0
20200714 140342	1439.678	29.95	30.79	30.0	1	0.0	0.0	0.5	0.25	0.0
20200714 140344	1441.726	29.92	30.78	30.0	1	0.0	0.0	0.5	0.25	0.0
20200714 140346	1443.767	29.9	30.77	30.0	1	0.0	0.0	0.5	0.25	0.0
20200714 140348	1445.815	29.87	30.76	30.0	1	0.0	0.0	0.5	0.25	0.0
20200714 140350	1447.864	29.84	30.74	30.0	1	0.0	0.0	0.5	0.25	0.0
20200714 140352	1449.911	29.83	30.73	30.0	1	0.0	0.0	0.5	0.25	0.0
20200714 140354	1451.964	29.8	30.72	30.0	1	0.0	0.0	0.5	0.25	0.0
20200714 140356	1454.004	29.79	30.71	30.0	1	0.0	0.0	0.5	0.25	0.0
20200714 140358	1456.053	29.76	30.7	30.0	1	0.0	0.0	0.5	0.25	0.0
20200714 140400	1458.101	29.73	30.69	30.0	1	0.0	0.0	0.5	0.25	0.0
20200714 140402	1460.149	29.72	30.67	30.0	1	0.0	0.0	0.5	0.25	0.0
20200714 140404	1462.197	29.69	30.67	30.0	1	0.0	0.0	0.5	0.25	0.0
20200714 140407	1464.247	29.67	30.65	30.0	1	0.0	0.0	0.5	0.25	0.0
20200714 140409	1466.297	29.65	30.64	30.0	1	0.0	0.0	0.5	0.25	0.0
20200714 140411	1468.338	29.62	30.63	30.0	1	0.0	0.0	0.5	0.25	0.0
20200714 140413	1470.388	29.6	30.61	30.0	1	0.0	0.0	0.5	0.25	0.0
20200714 140415	1472.438	29.58	30.61	30.0	1	0.0	0.0	0.5	0.25	0.0
20200714 140417	1474.482	29.56	30.59	30.0	1	0.0	0.0	0.5	0.25	0.0
20200714 140419	1476.529	29.53	30.58	30.0	1	0.0	0.0	0.5	0.25	0.0
20200714 140421	1478.579	29.5	30.57	30.0	1	0.0	0.0	0.5	0.25	0.0
20200714 140423	1480.628	29.49	30.55	30.0	1	0.0	0.0	0.5	0.25	0.0
20200714 140425	1482.672	29.46	30.54	30.0	1	0.0	0.0	0.5	0.25	0.0
20200714 140427	1484.725	29.45	30.53	30.0	1	0.0	0.0	0.5	0.25	0.0
20200714 140429	1486.767	29.42	30.52	30.0	1	0.0	0.0	0.5	0.25	0.0
20200714 140431	1488.815	29.39	30.5	30.0	1	0.0	0.0	0.5	0.25	0.0
20200714 140433	1490.865	29.38	30.49	30.0	1	0.0	0.0	0.5	0.25	0.0
20200714 140435	1492.915	29.35	30.48	30.0	1	0.0	0.0	0.5	0.25	0.0
20200714 140437	1494.96	29.33	30.47	30.0	1	0.0	0.0	0.5	0.25	0.0
20200714 140439	1497.006	29.31	30.46	30.0	1	0.0	0.0	0.5	0.25	0.0
20200714 140441	1499.058	29.28	30.44	30.0	1	0.0	0.0	0.5	0.25	0.0
20200714 140443	1501.102	29.26	30.42	30.0	1	0.0	0.0	0.5	0.25	0.0
20200714 140445	1503.168	29.24	30.42	30.0	1	0.0	0.0	0.5	0.25	0.0
20200714 140448	1505.216	29.22	30.4	30.0	1	0.0	0.0	0.5	0.25	0.0
20200714 140450	1507.265	29.19	30.4	30.0	1	0.0	0.0	0.5	0.25	0.0
20200714 140452	1509.315	29.17	30.38	30.0	1	0.0	0.0	0.5	0.25	0.0
20200714 140454	1511.36	29.15	30.36	30.0	1	0.0	0.0	0.5	0.25	0.0
20200714 140456	1513.4	29.12	30.35	30.0	1	0.0	0.0	0.5	0.25	0.0
20200714 140458	1515.449	29.11	30.34	30.0	1	0.0	0.0	0.5	0.25	0.0
20200714 140500	1517.5	29.08	30.33	30.0	1	0.0	0.0	0.5	0.25	0.0
20200714 140502	1519.55	29.05	30.32	30.0	1	0.0	0.0	0.5	0.25	0.0
20200714 140504	1521.598	29.04	30.3	30.0	1	0.0	0.0	0.5	0.25	0.0
20200714 140506	1523.639	29.01	30.29	30.0	1	0.0	0.0	0.5	0.25	0.0
20200714 140508	1525.693	29.0	30.27	30.0	1	0.0	0.0	0.5	0.25	0.0
20200714 140510	1527.741	28.97	30.27	30.0	1	0.0	0.0	0.5	0.25	0.0
20200714 140512	1529.788	28.94	30.25	30.0	1	0.0	0.0	0.5	0.25	0.0
20200714 140514	1531.835	28.93	30.23	30.0	1	0.0	0.0	0.5	0.25	0.0
20200714 140516	1533.883	28.9	30.22	30.0	1	0.0	0.0	0.5	0.25	0.0
20200714 140518	1535.933	28.89	30.21	30.0	1	0.0	0.0	0.5	0.25	0.0
20200714 140520	1537.971	28.86	30.2	30.0	1	0.0	0.0	0.5	0.25	0.0
20200714 140522	1540.018	28.83	30.18	30.0	1	0.0	0.0	0.5	0.25	0.0
20200714 140524	1542.067	28.82	30.16	30.0	1	0.0	0.0	0.5	0.25	0.0
20200714 140526	1544.115	28.79	30.16	30.0	1	0.0	0.0	0.5	0.25	0.0
20200714 140528	1546.168	28.77	30.14	30.0	1	0.0	0.0	0.5	0.25	0.0
20200714 140531	1548.216	28.75	30.13	30.0	1	0.0	0.0	0.5	0.25	0.0
20200714 140533	1550.257	28.72	30.12	30.0	1	0.0	0.0	0.5	0.25	0.0
20200714 140535	1552.31	28.7	30.09	30.0	1	0.0	0.0	0.5	0.25	0.0
20200714 140537	1554.356	28.68	30.09	30.0	1	0.0	0.0	0.5	0.25	0.0
20200714 140539	1556.407	28.66	30.07	30.0	1	0.0	0.0	0.5	0.25	0.0
20200714 140541	1558.447	28.63	30.07	30.0	1	0.0	0.0	0.5	0.25	0.0
20200714 140543	1560.495	28.61	30.04	30.0	1	0.0	0.0	0.5	0.25	0.0
20200714 140545	1562.55	28.59	30.02	30.0	1	0.0	0.0	0.5	0.25	0.0
20200714 140547	1564.59	28.57	30.02	30.0	1	0.0	0.0	0.5	0.25	0.0
20200714 140549	1566.637	28.55	30.0	30.0	1	0.0	0.0	0.5	0.25	0.0
20200714 140551	1568.694	28.52	29.99	30.0	1	0.0	0.0	0.5	0.25	0.0
20200714 140553	1570.733	28.5	29.97	30.0	1	0.0	0.0	0.5	0.25	0.0
20200714 140555	1572.783	28.48	29.95	30.0	1	0.0	0.0	0.5	0.25	0.0
20200714 140557	1574.829	28.45	29.95	30.0	1	0.0	0.0	0.5	0.25	0.0
20200714 140559	1576.883	28.44	29.93	30.0	1	0.0	0.0	0.5	0.25	0.0
20200714 140601	1578.927	28.42	29.92	30.0	1	0.0	0.0	0.5	0.25	0.0
20200714 140603	1580.971	28.39	29.9	30.0	1	0.0	0.0	0.5	0.25	0.0
20200714 140605	1583.025	28.38	29.88	30.0	1	0.0	0.0	0.5	0.25	0.0
20200714 140607	1585.067	28.37	29.88	30.0	1	0.0	0.0	0.5	0.25	0.0
20200714 140609	1587.113	28.36	29.86	30.0	1	0.0	0.0	0.5	0.25	0.0
20200714 140611	1589.166	28.34	29.85	30.0	1	0.0	0.0	0.5	0.25	0.0
20200714 140614	1591.208	28.34	29.83	30.0	1	0.0	0.0	0.5	0.25	0.0
20200714 140616	1593.262	28.33	29.81	30.0	1	0.0	0.0	0.5	0.25	0.0
20200714 140618	1595.31	28.33	29.81	30.0	1	0.0	0.0	0.5	0.25	0.0
20200714 140620	1597.352	28.33	29.79	30.0	1	0.0	0.0	0.5	0.25	0.0
20200714 140622	1599.402	28.33	29.78	30.0	1	0.0	0.0	0.5	0.25	0.0
20200714 140624	1601.453	28.33	29.76	30.0	1	0.0	0.0	0.5	0.25	0.0
20200714 140626	1603.501	28.34	29.74	30.0	1	0.0	0.0	0.5	0.25	0.0
20200714 140628	1605.548	28.35	29.73	30.0	1	0.0	0.0	0.5	0.25	0.0
20200714 140630	1607.609	28.36	29.71	30.0	1	0.0	0.0	0.5	0.25	0.0
20200714 140632	1609.659	28.37	29.71	30.0	1	0.0	0.0	0.5	0.25	0.0
20200714 140634	1611.708	28.39	29.69	30.0	1	0.0	0.0	0.5	0.25	0.0
20200714 140636	1613.752	28.4	29.67	30.0	1	0.0	0.0	0.5	0.25	0.0
20200714 140638	1615.802	28.43	29.66	30.0	1	0.0	0.0	0.5	0.25	0.0
20200714 140640	1617.85	28.44	29.64	30.0	1	0.0	0.0	0.5	0.25	0.0
20200714 140642	1619.896	28.47	29.64	30.0	1	0.0	0.0	0.5	0.25	0.0
20200714 140644	1621.937	28.51	29.62	30.0	1	0.0	0.0	0.5	0.25	0.0
20200714 140646	1623.985	28.52	29.6	30.0	1	0.0	0.0	0.5	0.25	0.0
20200714 140648	1626.039	28.57	29.59	30.0	1	0.0	0.0	0.5	0.25	0.0
20200714 140650	1628.085	28.59	29.57	30.0	1	0.0	0.0	0.5	0.25	0.0
20200714 140652	1630.135	28.63	29.57	30.0	1	0.0	0.0	0.5	0.25	0.0
20200714 140654	1632.177	28.69	29.55	30.0	1	0.0	0.0	0.5	0.25	0.0
20200714 140657	1634.23	28.71	29.52	30.0	1	0.0	0.0	0.5	0.25	0.0
20200714 140659	1636.271	28.77	29.52	30.0	1	0.0	0.0	0.5	0.25	0.0
20200714 140701	1638.318	28.8	29.5	30.0	1	0.0	0.0	0.5	0.25	0.0
20200714 140703	1640.371	28.86	29.5	30.0	1	0.0	0.0	0.5	0.25	0.0
20200714 140705	1642.422	28.92	29.48	30.0	1	0.0	0.0	0.5	0.25	0.0
20200714 140707	1644.464	28.95	29.46	30.0	1	0.0	0.0	0.5	0.25	0.0
20200714 140709	1646.514	29.02	29.46	30.0	1	0.0	0.0	0.5	0.25	0.0
20200714 140711	1648.563	29.05	29.44	30.0	1	0.0	0.0	0.5	0.25	0.0
20200714 140713	1650.604	29.11	29.43	30.0	1	0.0	0.0	0.5	0.25	0.0
20200714 140715	1652.656	29.17	29.42	30.0	1	0.0	0.0	0.5	0.25	0.0
20200714 140717	1654.706	29.2	29.4	30.0	1	0.0	0.0	0.5	0.25	0.0
20200714 140719	1656.752	29.27	29.39	30.0	1	0.0	0.0	0.5	0.25	0.0
20200714 140721	1658.801	29.3	29.37	30.0	1	0.0	0.0	0.5	0.25	0.0
20200714 140723	1660.851	29.36	29.37	30.0	1	0.0	0.0	0.5	0.25	0.0
20200714 140725	1662.898	29.43	29.35	30.0	1	0.0	0.0	0.5	0.25	0.0
20200714 140727	1664.941	29.46	29.33	30.0	1	0.0	0.0	0.5	0.25	0.0
20200714 140729	1666.994	29.52	29.33	30.0	1	0.0	0.0	0.5	0.25	0.0
20200714 140731	1669.035	29.55	29.31	30.0	1	0.0	0.0	0.5	0.25	0.0
20200714 140733	1671.085	29.61	29.31	30.0	1	0.0	0.0	0.5	0.25	0.0
20200714 140735	1673.135	29.68	29.3	30.0	1	0.0	0.0	0.5	0.25	0.0
20200714 140737	1675.195	29.71	29.28	30.0	1	0.0	0.0	0.5	0.25	0.0
20200714 140740	1677.245	29.77	29.28	30.0	1	0.0	0.0	0.5	0.25	0.0
20200714 140742	1679.289	29.8	29.26	30.0	1	0.0	0.0	0.5	0.25	0.0
20200714 140744	1681.336	29.86	29.26	30.0	1	0.0	0.0	0.5	0.25	0.0
20200714 140746	1683.386	29.92	29.25	30.0	1	0.0	0.0	0.5	0.25	0.0
20200714 140748	1685.436	29.95	29.23	30.0	1	0.0	0.0	0.5	0.25	0.0
20200714 140750	1687.478	30.02	29.23	30.0	1	0.0	0.0	0.5	0.25	0.0
20200714 140752	1689.525	30.05	29.22	30.0	1	0.0	0.0	0.5	0.25	0.0
20200714 140754	1691.571	30.11	29.22	30.0	1	0.0	0.0	0.5	0.25	0.0
20200714 140756	1693.621	30.17	29.21	30.0	1	0.0	0.0	0.5	0.25	0.0
20200714 140758	1695.671	30.2	29.19	30.0	1	0.0	0.0	0.5	0.25	0.0
20200714 140800	1697.718	30.27	29.19	30.0	1	0.0	0.0	0.5	0.25	0.0
20200714 140802	1699.769	30.3	29.18	30.0	1	0.0	0.0	0.5	0.25	0.0
20200714 140804	1701.811	30.36	29.18	30.0	1	0.0	0.0	0.5	0.25	0.0
20200714 140806	1703.857	30.42	29.17	30.0	1	0.0	0.0	0.5	0.25	0.0
20200714 140808	1705.905	30.45	29.16	30.0	1	0.0	0.0	0.5	0.25	0.0
20200714 140810	1707.953	30.51	29.16	30.0	1	0.0	0.0	0.5	0.25	0.0
20200714 140812	1710.005	30.54	29.15	30.0	1	0.0	0.0	0.5	0.25	0.0
20200714 140814	1712.054	30.6	29.14	30.0	1	0.0	0.0	0.5	0.25	0.0
20200714 140816	1714.098	30.66	29.14	30.0	1	0.0	0.0	0.5	0.25	0.0
20200714 140818	1716.149	30.69	29.13	30.0	1	0.0	0.0	0.5	0.25	0.0
20200714 140820	1718.198	30.75	29.13	30.0	1	0.0	0.0	0.5	0.25	0.0
20200714 140823	1720.242	30.78	29.13	30.0	1	0.0	0.0	0.5	0.25	0.0
20200714 140825	1722.29	30.85	29.12	30.0	1	0.0	0.0	0.5	0.25	0.0
20200714 140827	1724.337	30.91	29.12	30.0	1	0.0	0.0	0.5	0.25	0.0
20200714 140829	1726.387	30.94	29.11	30.0	1	0.0	0.0	0.5	0.25	0.0
20200714 140831	1728.437	31.0	29.11	30.0	1	0.0	0.0	0.5	0.25	0.0
20200714 140833	1730.479	31.03	29.11	30.0	1	0.0	0.0	0.5	0.25	0.0
20200714 140835	1732.53	31.09	29.1	30.0	1	0.0	0.0	0.5	0.25	0.0
20200714 140837	1734.576	31.15	29.1	30.0	1	0.0	0.0	0.5	0.25	0.0
20200714 140839	1736.623	31.18	29.1	30.0	1	0.0	0.0	0.5	0.25	0.0
20200714 140841	1738.672	31.24	29.1	30.0	1	0.0	0.0	0.5	0.25	0.0
20200714 140843	1740.714	31.27	29.1	30.0	1	0.0	0.0	0.5	0.25	0.0
20200714 140845	1742.767	31.33	29.09	30.0	1	0.0	0.0	0.5	0.25	0.0
20200714 140847	1744.808	31.39	29.1	30.0	1	0.0	0.0	0.5	0.25	0.0
20200714 140849	1746.863	31.42	29.09	30.0	1	0.0	0.0	0.5	0.25	0.0
20200714 140851	1748.906	31.48	29.1	30.0	1	0.0	0.0	0.5	0.25	0.0
20200714 140853	1750.958	31.51	29.09	30.0	1	0.0	0.0	0.5	0.25	0.0
20200714 140855	1753.005	31.58	29.09	30.0	1	0.0	0.0	0.5	0.25	0.0
20200714 140857	1755.05	31.64	29.09	30.0	1	0.0	0.0	0.5	0.25	0.0
20200714 140859	1757.101	31.67	29.1	30.0	1	0.0	0.0	0.5	0.25	0.0
20200714 140910	1767.338	31.91	29.11	30.0	1	0.0	0.0	0.5	0.5	0.0
20200714 140912	1769.388	31.97	29.11	30.0	1	0.0	0.0	0.5	0.5	0.0
20200714 140914	1771.431	32.01	29.11	30.0	1	0.0	0.0	0.5	0.5	0.0
20200714 140916	1773.475	32.07	29.11	30.0	1	0.0	0.0	0.5	0.5	0.0
20200714 140918	1775.53	32.13	29.12	30.0	1	0.0	0.0	0.5	0.5	0.0
20200714 140920	1777.576	32.16	29.12	30.0	1	0.0	0.0	0.5	0.5	0.0
20200714 140922	1779.625	32.22	29.13	30.0	1	0.0	0.0	0.5	0.5	0.0
20200714 140924	1781.69	32.25	29.13	30.0	1	0.0	0.0	0.5	0.5	0.0
20200714 140926	1783.732	32.31	29.13	30.0	1	0.0	0.0	0.5	0.5	0.0
20200714 140928	1785.787	32.37	29.14	30.0	1	0.0	0.0	0.5	0.5	0.0
20200714 140930	1787.827	32.4	29.15	30.0	1	0.0	0.0	0.5	0.5	0.0
20200714 140932	1789.875	32.46	29.15	30.0	1	0.0	0.0	0.5	0.5	0.0
20200714 140934	1791.928	32.49	29.16	30.0	1	0.0	0.0	0.5	0.5	0.0
20200714 140936	1793.969	32.54	29.16	30.0	1	0.0	0.0	0.5	0.5	0.0
20200714 140938	1796.025	32.6	29.17	30.0	1	0.0	0.0	0.5	0.5	0.0
20200714 140940	1798.064	32.63	29.18	30.0	1	0.0	0.0	0.5	0.5	0.0
20200714 140942	1800.113	32.69	29.18	30.0	1	0.0	0.0	0.5	0.5	0.0
20200714 140944	1802.16	32.72	29.19	30.0	1	0.0	0.0	0.5	0.5	0.0
20200714 140947	1804.211	32.78	29.19	30.0	1	0.0	0.0	0.5	0.5	0.0
20200714 140949	1806.262	32.84	29.2	30.0	1	0.0	0.0	0.5	0.5	0.0
20200714 140951	1808.307	32.87	29.21	30.0	1	0.0	0.0	0.5	0.5	0.0
20200714 140953	1810.357	32.93	29.22	30.0	1	0.0	0.0	0.5	0.5	0.0
20200714 140955	1812.407	32.96	29.23	30.0	1	0.0	0.0	0.5	0.5	0.0
20200714 140957	1814.447	33.01	29.23	30.0	1	0.0	0.0	0.5	0.5	0.0
20200714 140959	1816.496	33.07	29.25	30.0	1	0.0	0.0	0.5	0.5	0.0
20200714 141001	1818.542	33.1	29.26	30.0	1	0.0	0.0	0.5	0.5	0.0
20200714 141003	1820.592	33.16	29.26	30.0	1	0.0	0.0	0.5	0.5	0.0
20200714 141005	1822.642	33.19	29.28	30.0	1	0.0	0.0	0.5	0.5	0.0
20200714 141007	1824.685	33.25	29.28	30.0	1	0.0	0.0	0.5	0.5	0.0
20200714 141009	1826.737	33.31	29.29	30.0	1	0.0	0.0	0.5	0.5	0.0
20200714 141011	1828.783	33.34	29.31	30.0	1	0.0	0.0	0.5	0.5	0.0
20200714 141013	1830.828	33.4	29.31	30.0	1	0.0	0.0	0.5	0.5	0.0
20200714 141015	1832.879	33.43	29.33	30.0	1	0.0	0.0	0.5	0.5	0.0
20200714 141017	1834.928	33.49	29.33	30.0	1	0.0	0.0	0.5	0.5	0.0
20200714 141019	1836.972	33.54	29.35	30.0	1	0.0	0.0	0.5	0.5	0.0
20200714 141021	1839.018	33.57	29.37	30.0	1	0.0	0.0	0.5	0.5	0.0
20200714 141023	1841.07	33.63	29.37	30.0	1	0.0	0.0	0.5	0.5	0.0
20200714 141025	1843.114	33.66	29.39	30.0	1	0.0	0.0	0.5	0.5	0.0
20200714 141027	1845.16	33.72	29.39	30.0	1	0.0	0.0	0.5	0.5	0.0
20200714 141030	1847.211	33.78	29.41	30.0	1	0.0	0.0	0.5	0.5	0.0
20200714 141032	1849.259	33.81	29.43	30.0	1	0.0	0.0	0.5	0.5	0.0
20200714 141034	1851.309	33.87	29.43	30.0	1	0.0	0.0	0.5	0.5	0.0
20200714 141036	1853.351	33.9	29.45	30.0	1	0.0	0.0	0.5	0.5	0.0
20200714 141038	1855.404	33.96	29.46	30.0	1	0.0	0.0	0.5	0.5	0.0
20200714 141040	1857.446	34.02	29.48	30.0	1	0.0	0.0	0.5	0.5	0.0
20200714 141042	1859.494	34.04	29.5	30.0	1	0.0	0.0	0.5	0.5	0.0
20200714 141044	1861.544	34.1	29.5	30.0	1	0.0	0.0	0.5	0.5	0.0
20200714 141046	1863.594	34.13	29.52	30.0	1	0.0	0.0	0.5	0.5	0.0
20200714 141048	1865.644	34.19	29.53	30.0	1	0.0	0.0	0.5	0.5	0.0
20200714 141050	1867.683	34.25	29.55	30.0	1	0.0	0.0	0.5	0.5	0.0
20200714 141052	1869.729	34.27	29.57	30.0	1	0.0	0.0	0.5	0.5	0.0
20200714 141054	1871.78	34.33	29.57	30.0	1	0.0	0.0	0.5	0.5	0.0
20200714 141056	1873.848	34.36	29.59	30.0	1	0.0	0.0	0.5	0.5	0.0
20200714 141058	1875.894	34.42	29.6	30.0	1	0.0	0.0	0.5	0.5	0.0
20200714 141100	1877.944	34.48	29.62	30.0	1	0.0	0.0	0.5	0.5	0.0
20200714 141102	1879.991	34.51	29.65	30.0	1	0.0	0.0	0.5	0.5	0.0
20200714 141104	1882.038	34.57	29.65	30.0	1	0.0	0.0	0.5	0.5	0.0
20200714 141106	1884.079	34.6	29.67	30.0	1	0.0	0.0	0.5	0.5	0.0
20200714 141108	1886.134	34.65	29.68	30.0	1	0.0	0.0	0.5	0.5	0.0
20200714 141110	1888.181	34.71	29.71	30.0	1	0.0	0.0	0.5	0.5	0.0
20200714 141113	1890.229	34.74	29.73	30.0	1	0.0	0.0	0.5	0.5	0.0
20200714 141115	1892.276	34.8	29.74	30.0	1	0.0	0.0	0.5	0.5	0.0
20200714 141117	1894.326	34.83	29.76	30.0	1	0.0	0.0	0.5	0.5	0.0
20200714 141119	1896.371	34.88	29.77	30.0	1	0.0	0.0	0.5	0.5	0.0
20200714 141121	1898.412	34.93	29.79	30.0	1	0.0	0.0	0.5	0.5	0.0
20200714 141123	1900.463	34.96	29.82	30.0	1	0.0	0.0	0.5	0.5	0.0
20200714 141125	1902.512	35.0	29.83	30.0	1	0.0	0.0	0.5	0.5	0.0
20200714 141127	1904.562	35.03	29.85	30.0	1	0.0	0.0	0.5	0.5	0.0
20200714 141129	1906.612	35.07	29.86	30.0	1	0.0	0.0	0.5	0.5	0.0
20200714 141131	1908.657	35.11	29.88	30.0	1	0.0	0.0	0.5	0.5	0.0
20200714 141133	1910.705	35.13	29.91	30.0	1	0.0	0.0	0.5	0.5	0.0
20200714 141135	1912.745	35.16	29.92	30.0	1	0.0	0.0	0.5	0.5	0.0
20200714 141137	1914.795	35.18	29.94	30.0	1	0.0	0.0	0.5	0.5	0.0
20200714 141139	1916.847	35.21	29.95	30.0	1	0.0	0.0	0.5	0.5	0.0
20200714 141141	1918.895	35.24	29.98	30.0	1	0.0	0.0	0.5	0.5	0.0
20200714 141143	1920.942	35.25	30.01	30.0	1	0.0	0.0	0.5	0.5	0.0
20200714 141145	1922.985	35.27	30.02	30.0	1	0.0	0.0	0.5	0.5	0.0
20200714 141147	1925.037	35.27	30.04	30.0	1	0.0	0.0	0.5	0.5	0.0
20200714 141149	1927.083	35.29	30.05	30.0	1	0.0	0.0	0.5	0.5	0.0
20200714 141151	1929.126	35.3	30.08	30.0	1	0.0	0.0	0.5	0.5	0.0
20200714 141153	1931.174	35.3	30.11	30.0	1	0.0	0.0	0.5	0.5	0.0
20200714 141156	1933.221	35.3	30.11	30.0	1	0.0	0.0	0.5	0.5	0.0
20200714 141158	1935.268	35.3	30.14	30.0	1	0.0	0.0	0.5	0.5	0.0
20200714 141200	1937.317	35.3	30.15	30.0	1	0.0	0.0	0.5	0.5	0.0
20200714 141202	1939.37	35.29	30.18	30.0	1	0.0	0.0	0.5	0.5	0.0
20200714 141204	1941.414	35.28	30.21	30.0	1	0.0	0.0	0.5	0.5	0.0
20200714 141206	1943.465	35.26	30.21	30.0	1	0.0	0.0	0.5	0.5	0.0
20200714 141208	1945.514	35.25	30.24	30.0	1	0.0	0.0	0.5	0.5	0.0
20200714 141210	1947.556	35.22	30.25	30.0	1	0.0	0.0	0.5	0.5	0.0
20200714 141212	1949.604	35.19	30.28	30.0	1	0.0	0.0	0.5	0.5	0.0
20200714 141214	1951.652	35.18	30.31	30.0	1	0.0	0.0	0.5	0.5	0.0
20200714 141216	1953.696	35.15	30.32	30.0	1	0.0	0.0	0.5	0.5	0.0
20200714 141218	1955.746	35.13	30.35	30.0	1	0.0	0.0	0.5	0.5	0.0
20200714 141220	1957.796	35.1	30.35	30.0	1	0.0	0.0	0.5	0.5	0.0
20200714 141222	1959.844	35.06	30.39	30.0	1	0.0	0.0	0.5	0.5	0.0
20200714 141224	1961.891	35.05	30.42	30.0	1	0.0	0.0	0.5	0.5	0.0
20200714 141226	1963.939	35.02	30.42	30.0	1	0.0	0.0	0.5	0.5	0.0
20200714 141228	1965.984	35.0	30.45	30.0	1	0.0	0.0	0.5	0.5	0.0
20200714 141230	1968.034	34.97	30.46	30.0	1	0.0	0.0	0.5	0.5	0.0
20200714 141232	1970.082	34.93	30.49	30.0	1	0.0	0.0	0.5	0.5	0.0
20200714 141234	1972.129	34.92	30.52	30.0	1	0.0	0.0	0.5	0.5	0.0
20200714 141236	1974.177	34.89	30.52	30.0	1	0.0	0.0	0.5	0.5	0.0
20200714 141239	1976.24	34.87	30.55	30.0	1	0.0	0.0	0.5	0.5	0.0
20200714 141241	1978.288	34.84	30.56	30.0	1	0.0	0.0	0.5	0.5	0.0
20200714 141243	1980.336	34.8	30.59	30.0	1	0.0	0.0	0.5	0.5	0.0
20200714 141245	1982.383	34.78	30.62	30.0	1	0.0	0.0	0.5	0.5	0.0
20200714 141247	1984.431	34.75	30.63	30.0	1	0.0	0.0	0.5	0.5	0.0
20200714 141249	1986.479	34.74	30.65	30.0	1	0.0	0.0	0.5	0.5	0.0
20200714 141251	1988.526	34.7	30.66	30.0	1	0.0	0.0	0.5	0.5	0.0
20200714 141253	1990.574	34.67	30.69	30.0	1	0.0	0.0	0.5	0.5	0.0
20200714 141255	1992.621	34.65	30.72	30.0	1	0.0	0.0	0.5	0.5	0.0
20200714 141257	1994.669	34.62	30.72	30.0	1	0.0	0.0	0.5	0.5	0.0
20200714 141259	1996.713	34.61	30.75	30.0	1	0.0	0.0	0.5	0.5	0.0
20200714 141301	1998.763	34.57	30.76	30.0	1	0.0	0.0	0.5	0.5	0.0
20200714 141303	2000.81	34.54	30.79	30.0	1	0.0	0.0	0.5	0.5	0.0
20200714 141305	2002.859	34.53	30.81	30.0	1	0.0	0.0	0.5	0.5	0.0
20200714 141307	2004.902	34.49	30.82	30.0	1	0.0	0.0	0.5	0.5	0.0
20200714 141309	2006.952	34.48	30.84	30.0	1	0.0	0.0	0.5	0.5	0.0
20200714 141311	2008.998	34.45	30.85	30.0	1	0.0	0.0	0.5	0.5	0.0
20200714 141313	2011.048	34.41	30.88	30.0	1	0.0	0.0	0.5	0.5	0.0
20200714 141315	2013.097	34.4	30.9	30.0	1	0.0	0.0	0.5	0.5	0.0
20200714 141317	2015.145	34.37	30.91	30.0	1	0.0	0.0	0.5	0.5	0.0
20200714 141319	2017.193	34.35	30.93	30.0	1	0.0	0.0	0.5	0.5	0.0
20200714 141322	2019.24	34.32	30.94	30.0	1	0.0	0.0	0.5	0.5	0.0
20200714 141324	2021.287	34.29	30.96	30.0	1	0.0	0.0	0.5	0.5	0.0
20200714 141326	2023.335	34.27	30.99	30.0	1	0.0	0.0	0.5	0.5	0.0
20200714 141328	2025.386	34.24	30.99	30.0	1	0.0	0.0	0.5	0.5	0.0
20200714 141330	2027.43	34.23	31.01	30.0	1	0.0	0.0	0.5	0.5	0.0
20200714 141332	2029.478	34.19	31.02	30.0	1	0.0	0.0	0.5	0.5	0.0
20200714 141334	2031.523	34.16	31.04	30.0	1	0.0	0.0	0.5	0.5	0.0
20200714 141336	2033.573	34.15	31.06	30.0	1	0.0	0.0	0.5	0.5	0.0
20200714 141338	2035.621	34.11	31.07	30.0	1	0.0	0.0	0.5	0.5	0.0
20200714 141340	2037.664	34.1	31.09	30.0	1	0.0	0.0	0.5	0.5	0.0
20200714 141342	2039.716	34.07	31.1	30.0	1	0.0	0.0	0.5	0.5	0.0
20200714 141344	2041.761	34.03	31.12	30.0	1	0.0	0.0	0.5	0.5	0.0
20200714 141346	2043.809	34.02	31.14	30.0	1	0.0	0.0	0.5	0.5	0.0
20200714 141348	2045.857	33.99	31.15	30.0	1	0.0	0.0	0.5	0.5	0.0
20200714 141350	2047.902	33.97	31.16	30.0	1	0.0	0.0	0.5	0.5	0.0
