clock	watch	T_int	T_ext	T_ref
20200713 224331	11.329	12.57	11.37	11.751
20200713 224333	13.457	12.55	11.39	11.758
20200713 224335	15.584	12.52	11.4	11.778
20200713 224338	17.708	12.51	11.42	11.799
20200713 224340	19.839	12.49	11.44	11.813
20200713 224342	21.966	12.47	11.44	11.826
20200713 224344	24.094	12.46	11.46	11.847
20200713 224346	26.221	12.44	11.48	11.868
20200713 224348	28.349	12.42	11.48	11.868
20200713 224350	30.476	12.4	11.51	11.881
20200713 224352	32.603	12.38	11.53	11.895
20200713 224355	34.729	12.36	11.53	11.909
20200713 224357	36.855	12.35	11.55	11.916
20200713 224359	38.986	12.32	11.56	11.936
20200713 224401	41.11	12.3	11.56	11.95
20200713 224403	43.239	12.29	11.58	11.957
20200713 224405	45.363	12.26	11.59	11.964
20200713 224407	47.493	12.24	11.6	11.977
20200713 224409	49.623	12.23	11.61	11.984
20200713 224412	51.751	12.21	11.63	11.998
20200713 224414	53.875	12.18	11.63	11.998
20200713 224416	56.005	12.17	11.64	12.005
20200713 224418	58.133	12.15	11.64	12.025
20200713 224420	60.256	12.13	11.65	12.025
20200713 224422	62.385	12.11	11.66	12.032
20200713 224424	64.511	12.09	11.66	12.046
20200713 224426	66.64	12.07	11.67	12.053
20200713 224429	68.768	12.06	11.69	12.06
20200713 224431	70.898	12.03	11.69	12.06
20200713 224433	73.021	12.01	11.7	12.067
20200713 224435	75.171	12.0	11.71	12.074
20200713 224437	77.291	11.98	11.72	12.08
20200713 224439	79.419	11.95	11.72	12.087
20200713 224441	81.562	11.94	11.73	12.087
20200713 224444	83.695	11.92	11.74	12.094
20200713 224446	85.823	11.9	11.74	12.087
20200713 224448	87.966	11.89	11.75	12.094
20200713 224450	90.093	11.87	11.75	12.101
20200713 224452	92.22	11.84	11.75	12.101
20200713 224454	94.364	11.83	11.76	12.108
20200713 224456	96.486	11.81	11.76	12.108
20200713 224458	98.618	11.79	11.77	12.115
20200713 224501	100.745	11.78	11.77	12.115
20200713 224503	102.867	11.75	11.77	12.115
20200713 224505	104.995	11.73	11.77	12.115
20200713 224507	107.125	11.72	11.78	12.121
20200713 224509	109.25	11.7	11.78	12.115
20200713 224511	111.382	11.68	11.78	12.121
20200713 224513	113.508	11.67	11.79	12.121
20200713 224515	115.631	11.64	11.79	12.121
20200713 224518	117.76	11.62	11.79	12.121
20200713 224520	119.892	11.61	11.79	12.121
20200713 224522	122.018	11.59	11.79	12.128
20200713 224524	124.147	11.57	11.79	12.121
20200713 224526	126.274	11.55	11.8	12.115
20200713 224528	128.402	11.53	11.8	12.115
20200713 224530	130.528	11.51	11.8	12.108
20200713 224532	132.656	11.5	11.8	12.115
20200713 224535	134.783	11.48	11.81	12.115
20200713 224537	136.906	11.46	11.8	12.108
20200713 224539	139.038	11.45	11.8	12.115
20200713 224541	141.165	11.42	11.8	12.108
20200713 224543	143.293	11.4	11.8	12.108
20200713 224545	145.42	11.39	11.8	12.101
20200713 224547	147.547	11.37	11.8	12.101
20200713 224550	149.67	11.35	11.8	12.101
20200713 224552	151.802	11.34	11.8	12.094
20200713 224554	153.93	11.32	11.79	12.087
20200713 224556	156.055	11.29	11.79	12.087
20200713 224558	158.185	11.28	11.79	12.087
20200713 224600	160.31	11.26	11.79	12.08
20200713 224602	162.439	11.24	11.79	12.08
20200713 224604	164.566	11.23	11.79	12.067
20200713 224607	166.694	11.21	11.79	12.067
20200713 224609	168.821	11.19	11.79	12.06
20200713 224611	170.948	11.17	11.78	12.053
20200713 224613	173.076	11.15	11.79	12.053
20200713 224615	175.203	11.13	11.78	12.053
20200713 224617	177.329	11.12	11.78	12.04
20200713 224619	179.458	11.1	11.77	12.04
20200713 224621	181.586	11.08	11.77	12.025
20200713 224624	183.713	11.07	11.76	12.025
20200713 224626	185.84	11.05	11.76	12.012
20200713 224628	187.968	11.04	11.75	12.012
20200713 224630	190.111	11.01	11.75	12.005
20200713 224632	192.238	10.99	11.75	11.998
20200713 224634	194.367	10.98	11.75	11.991
20200713 224636	196.507	10.96	11.74	11.984
20200713 224638	198.637	10.94	11.74	11.977
20200713 224641	200.765	10.93	11.74	11.977
20200713 224643	202.905	10.91	11.73	11.97
20200713 224645	205.036	10.89	11.73	11.957
20200713 224647	207.163	10.88	11.73	11.957
20200713 224649	209.29	10.85	11.72	11.943
20200713 224651	211.418	10.83	11.72	11.936
20200713 224653	213.545	10.82	11.71	11.929
20200713 224656	215.673	10.8	11.7	11.922
20200713 224658	217.8	10.78	11.7	11.916
20200713 224700	219.928	10.77	11.7	11.902
20200713 224702	222.052	10.75	11.69	11.895
20200713 224704	224.182	10.73	11.69	11.888
20200713 224706	226.306	10.72	11.68	11.881
20200713 224708	228.437	10.7	11.68	11.874
20200713 224710	230.564	10.68	11.68	11.868
20200713 224713	232.692	10.67	11.67	11.861
20200713 224715	234.817	10.64	11.67	11.847
20200713 224717	236.946	10.62	11.66	11.84
20200713 224719	239.073	10.61	11.65	11.826
20200713 224721	241.201	10.59	11.65	11.826
20200713 224723	243.328	10.57	11.64	11.813
20200713 224725	245.452	10.56	11.64	11.806
20200713 224727	247.583	10.54	11.63	11.799
20200713 224730	249.71	10.52	11.63	11.792
20200713 224732	251.838	10.5	11.63	11.778
20200713 224734	253.965	10.48	11.63	11.765
20200713 224736	256.088	10.46	11.62	11.758
20200713 224738	258.22	10.45	11.61	11.751
20200713 224740	260.343	10.43	11.61	11.737
20200713 224742	262.47	10.41	11.6	11.724
20200713 224744	264.601	10.4	11.59	11.724
20200713 224747	266.73	10.38	11.59	11.71
20200713 224749	268.853	10.36	11.58	11.696
20200713 224751	271.0	10.35	11.57	11.689
20200713 224753	273.129	10.33	11.57	11.682
20200713 224755	275.251	10.31	11.56	11.669
20200713 224757	277.4	10.3	11.55	11.669
20200713 224759	279.527	10.27	11.54	11.648
20200713 224801	281.655	10.25	11.53	11.641
20200713 224804	283.782	10.24	11.52	11.634
20200713 224806	285.909	10.22	11.52	11.621
20200713 224808	288.037	10.2	11.51	11.614
20200713 224810	290.164	10.19	11.5	11.6
20200713 224812	292.292	10.17	11.5	11.586
20200713 224814	294.417	10.15	11.49	11.579
20200713 224816	296.546	10.14	11.48	11.565
20200713 224819	298.674	10.12	11.48	11.558
20200713 224821	300.802	10.1	11.48	11.544
20200713 224823	302.929	10.09	11.46	11.53
20200713 224825	305.055	10.07	11.46	11.523
20200713 224827	307.184	10.05	11.45	11.503
20200713 224829	309.312	10.04	11.44	11.496
20200713 224831	311.439	10.02	11.43	11.489
20200713 224833	313.567	10.0	11.42	11.475
20200713 224836	315.694	9.99	11.42	11.468
20200713 224838	317.821	9.97	11.42	11.454
20200713 224840	319.963	9.95	11.41	11.447
20200713 224842	322.093	9.94	11.4	11.434
20200713 224844	324.22	9.92	11.4	11.413
20200713 224846	326.363	9.9	11.39	11.413
20200713 224848	328.491	9.89	11.37	11.392
20200713 224850	330.615	9.87	11.37	11.371
20200713 224853	332.761	9.85	11.36	11.371
20200713 224855	334.889	9.84	11.35	11.371
20200713 224857	337.017	9.82	11.35	11.351
20200713 224859	339.16	9.79	11.34	11.344
20200713 224901	341.287	9.78	11.33	11.323
20200713 224903	343.415	9.77	11.33	11.316
20200713 224905	345.558	9.75	11.32	11.302
20200713 224908	347.686	9.74	11.3	11.295
20200713 224910	349.813	9.72	11.3	11.282
20200713 224912	351.936	9.7	11.29	11.268
20200713 224914	354.067	9.69	11.28	11.254
20200713 224916	356.195	9.67	11.28	11.247
20200713 224918	358.323	9.65	11.26	11.226
20200713 224920	360.449	9.64	11.25	11.219
20200713 224922	362.578	9.62	11.25	11.205
20200713 224925	364.705	9.6	11.24	11.192
20200713 224927	366.833	9.59	11.23	11.185
20200713 224929	368.96	9.57	11.23	11.164
20200713 224931	371.088	9.55	11.21	11.164
20200713 224933	373.215	9.54	11.2	11.142
20200713 224935	375.338	9.52	11.2	11.135
20200713 224937	377.454	9.5	11.19	11.122
20200713 224939	379.581	9.49	11.18	11.115
20200713 224942	381.709	9.47	11.18	11.101
20200713 224944	383.833	9.45	11.17	11.087
20200713 224946	385.964	9.44	11.16	11.073
20200713 224948	388.091	9.42	11.16	11.066
20200713 224950	390.214	9.4	11.14	11.052
20200713 224952	392.341	9.39	11.13	11.038
20200713 224954	394.455	9.38	11.13	11.024
20200713 224956	396.584	9.37	11.12	11.017
20200713 224959	398.713	9.35	11.1	10.996
20200713 225001	400.836	9.33	11.1	10.982
20200713 225003	402.964	9.32	11.09	10.968
20200713 225005	405.094	9.3	11.08	10.954
20200713 225007	407.223	9.28	11.07	10.954
20200713 225009	409.35	9.27	11.06	10.933
20200713 225011	411.477	9.25	11.05	10.933
20200713 225013	413.6	9.23	11.05	10.912
20200713 225016	415.711	9.22	11.04	10.899
20200713 225018	417.844	9.2	11.02	10.892
20200713 225020	419.971	9.18	11.02	10.878
20200713 225022	422.096	9.17	11.01	10.864
20200713 225024	424.226	9.15	11.0	10.85
20200713 225026	426.354	9.13	11.0	10.836
20200713 225028	428.48	9.12	10.99	10.829
20200713 225030	430.609	9.1	10.99	10.808
20200713 225033	432.735	9.08	10.97	10.801
20200713 225035	434.864	9.07	10.96	10.794
20200713 225037	436.991	9.05	10.96	10.78
20200713 225039	439.119	9.03	10.94	10.752
20200713 225041	441.245	9.02	10.93	10.759
20200713 225043	443.373	9.0	10.92	10.738
20200713 225045	445.5	8.98	10.91	10.724
20200713 225047	447.629	8.97	10.9	10.717
20200713 225050	449.751	8.95	10.89	10.696
20200713 225052	451.868	8.93	10.88	10.689
20200713 225054	453.995	8.92	10.87	10.674
20200713 225056	456.123	8.9	10.86	10.66
20200713 225058	458.25	8.88	10.85	10.653
20200713 225100	460.378	8.87	10.84	10.632
20200713 225102	462.5	8.86	10.84	10.625
20200713 225104	464.632	8.84	10.82	10.618
20200713 225107	466.76	8.83	10.81	10.597
20200713 225109	468.888	8.81	10.81	10.583
20200713 225111	471.013	8.79	10.8	10.576
20200713 225113	473.14	8.78	10.78	10.562
20200713 225115	475.27	8.76	10.78	10.548
20200713 225117	477.393	8.74	10.77	10.534
20200713 225119	479.525	8.73	10.75	10.52
20200713 225121	481.652	8.71	10.75	10.513
20200713 225124	483.796	8.69	10.74	10.492
20200713 225126	485.923	8.68	10.72	10.485
20200713 225128	488.051	8.66	10.72	10.464
20200713 225130	490.193	8.65	10.71	10.457
20200713 225132	492.319	8.64	10.7	10.443
20200713 225134	494.444	8.62	10.7	10.428
20200713 225136	496.558	8.6	10.69	10.414
20200713 225139	498.688	8.59	10.67	10.407
20200713 225141	500.816	8.57	10.67	10.386
20200713 225143	502.943	8.55	10.66	10.379
20200713 225145	505.071	8.54	10.64	10.372
20200713 225147	507.197	8.52	10.64	10.351
20200713 225149	509.325	8.5	10.63	10.337
20200713 225151	511.453	8.49	10.61	10.33
20200713 225153	513.577	8.47	10.61	10.316
20200713 225156	515.704	8.45	10.6	10.309
20200713 225158	517.835	8.45	10.59	10.288
20200713 225200	519.963	8.43	10.59	10.281
20200713 225202	522.09	8.41	10.57	10.267
20200713 225204	524.218	8.4	10.56	10.245
20200713 225206	526.34	8.38	10.55	10.238
20200713 225208	528.454	8.36	10.54	10.231
20200713 225210	530.584	8.35	10.53	10.209
20200713 225213	532.712	8.33	10.53	10.195
20200713 225215	534.839	8.32	10.52	10.181
20200713 225217	536.982	8.3	10.5	10.174
20200713 225219	539.11	8.28	10.5	10.16
20200713 225221	541.237	8.27	10.49	10.146
20200713 225223	543.376	8.25	10.47	10.131
20200713 225225	545.508	8.23	10.47	10.124
20200713 225227	547.636	8.22	10.46	10.103
20200713 225230	549.763	8.21	10.45	10.089
20200713 225232	551.89	8.19	10.44	10.082
20200713 225234	554.018	8.18	10.43	10.06
20200713 225236	556.14	8.16	10.42	10.046
20200713 225238	558.253	8.14	10.41	10.039
20200713 225240	560.382	8.13	10.4	10.032
20200713 225242	562.508	8.11	10.39	10.011
20200713 225244	564.639	8.09	10.38	10.004
20200713 225247	566.766	8.08	10.37	9.99
20200713 225249	568.893	8.07	10.36	9.975
20200713 225251	571.018	8.05	10.36	9.961
20200713 225253	573.149	8.04	10.35	9.947
20200713 225255	575.276	8.02	10.33	9.933
20200713 225257	577.403	8.0	10.33	9.919
20200713 225259	579.531	7.99	10.31	9.912
20200713 225301	581.653	7.98	10.3	9.897
20200713 225304	583.77	7.96	10.3	9.883
20200713 225306	585.897	7.95	10.29	9.869
20200713 225308	588.025	7.93	10.28	9.855
20200713 225310	590.153	7.91	10.27	9.841
20200713 225312	592.28	7.91	10.25	9.834
20200713 225314	594.407	7.89	10.25	9.819
20200713 225316	596.532	7.87	10.24	9.805
20200713 225318	598.657	7.86	10.23	9.79
20200713 225321	600.774	7.84	10.23	9.776
20200713 225323	602.901	7.83	10.22	9.776
20200713 225325	605.024	7.82	10.21	9.747
20200713 225327	607.137	7.8	10.21	9.74
20200713 225329	609.265	7.78	10.19	9.726
20200713 225331	611.393	7.77	10.17	9.711
20200713 225333	613.522	7.75	10.16	9.697
20200713 225335	615.647	7.74	10.15	9.683
20200713 225338	617.773	7.73	10.14	9.676
20200713 225340	619.889	7.71	10.13	9.661
20200713 225342	622.015	7.69	10.12	9.647
20200713 225344	624.139	7.68	10.1	9.64
20200713 225346	626.25	7.66	10.1	9.625
20200713 225348	628.362	7.65	10.09	9.611
20200713 225350	630.478	7.64	10.08	9.597
20200713 225352	632.602	7.62	10.08	9.59
20200713 225355	634.732	7.6	10.06	9.575
20200713 225357	636.857	7.59	10.04	9.554
20200713 225359	638.984	7.57	10.04	9.554
20200713 225401	641.099	7.56	10.02	9.532
20200713 225403	643.227	7.55	10.01	9.518
20200713 225405	645.352	7.53	10.0	9.511
20200713 225407	647.478	7.51	9.99	9.497
20200713 225409	649.606	7.5	9.98	9.49
20200713 225412	651.719	7.49	9.98	9.468
20200713 225414	653.845	7.48	9.97	9.461
20200713 225416	655.973	7.46	9.95	9.439
20200713 225418	658.099	7.44	9.95	9.418
20200713 225420	660.212	7.43	9.94	9.418
20200713 225422	662.341	7.41	9.92	9.404
20200713 225424	664.469	7.4	9.92	9.389
20200713 225426	666.594	7.39	9.91	9.368
20200713 225429	668.721	7.37	9.89	9.368
20200713 225431	670.848	7.35	9.89	9.354
20200713 225433	672.979	7.34	9.88	9.338
20200713 225435	675.102	7.32	9.87	9.324
20200713 225437	677.215	7.31	9.86	9.309
20200713 225439	679.346	7.3	9.85	9.295
20200713 225441	681.469	7.28	9.85	9.288
20200713 225443	683.6	7.26	9.83	9.273
20200713 225446	685.726	7.25	9.82	9.259
20200713 225448	687.853	7.23	9.82	9.244
20200713 225450	689.979	7.22	9.81	9.237
20200713 225452	692.109	7.21	9.8	9.223
20200713 225454	694.237	7.19	9.8	9.216
20200713 225456	696.36	7.17	9.79	9.201
20200713 225458	698.475	7.16	9.77	9.179
20200713 225500	700.599	7.15	9.77	9.165
20200713 225503	702.727	7.13	9.76	9.165
20200713 225505	704.843	7.12	9.74	9.151
20200713 225507	706.971	7.1	9.74	9.129
20200713 225509	709.096	7.08	9.73	9.129
20200713 225511	711.222	7.07	9.72	9.122
20200713 225513	713.353	7.06	9.72	9.107
20200713 225515	715.476	7.04	9.7	9.086
20200713 225517	717.588	7.03	9.68	9.071
20200713 225520	719.716	7.01	9.68	9.064
20200713 225522	721.844	7.0	9.66	9.042
20200713 225524	723.969	6.99	9.65	9.035
20200713 225526	726.085	6.97	9.64	9.021
20200713 225528	728.209	6.95	9.63	9.006
20200713 225530	730.32	6.94	9.61	8.999
20200713 225532	732.433	6.92	9.61	8.984
20200713 225534	734.561	6.91	9.6	8.977
20200713 225537	736.688	6.9	9.58	8.963
20200713 225539	738.798	6.88	9.58	8.948
20200713 225541	740.909	6.86	9.56	8.927
20200713 225543	743.041	6.85	9.55	8.912
20200713 225545	745.165	6.84	9.55	8.898
20200713 225547	747.276	6.83	9.54	8.898
20200713 225549	749.387	6.81	9.53	8.875
20200713 225551	751.502	6.8	9.52	8.861
20200713 225553	753.632	6.79	9.51	8.861
20200713 225556	755.757	6.77	9.5	8.839
20200713 225558	757.885	6.75	9.5	8.824
20200713 225600	760.014	6.74	9.49	8.817
20200713 225602	762.136	6.72	9.47	8.802
20200713 225604	764.248	6.71	9.47	8.795
20200713 225606	766.359	6.7	9.46	8.78
20200713 225608	768.472	6.68	9.46	8.773
20200713 225610	770.585	6.66	9.45	8.751
20200713 225613	772.71	6.65	9.43	8.751
20200713 225615	774.822	6.64	9.43	8.737
20200713 225617	776.933	6.62	9.41	8.715
20200713 225619	779.048	6.61	9.39	8.715
20200713 225621	781.173	6.59	9.39	8.693
20200713 225623	783.304	6.58	9.38	8.671
20200713 225625	785.428	6.57	9.36	8.671
20200713 225627	787.557	6.55	9.36	8.656
20200713 225630	789.686	6.53	9.35	8.649
20200713 225632	791.81	6.53	9.33	8.635
20200713 225634	793.922	6.51	9.33	8.62
20200713 225636	796.048	6.49	9.32	8.605
20200713 225638	798.162	6.48	9.31	8.598
20200713 225640	800.286	6.46	9.31	8.583
20200713 225642	802.414	6.45	9.3	8.562
20200713 225644	804.526	6.44	9.29	8.554
20200713 225646	806.637	6.42	9.29	8.54
20200713 225649	808.75	6.41	9.27	8.54
20200713 225651	810.882	6.4	9.26	8.518
20200713 225653	813.006	6.38	9.25	8.503
20200713 225655	815.136	6.38	9.24	8.496
20200713 225657	817.264	6.36	9.22	8.481
20200713 225659	819.391	6.34	9.22	8.467
20200713 225701	821.519	6.33	9.2	8.459
20200713 225703	823.644	6.32	9.19	8.445
20200713 225706	825.769	6.3	9.18	8.43
20200713 225708	827.882	6.29	9.17	8.423
20200713 225710	830.024	6.28	9.16	8.407
20200713 225712	832.135	6.26	9.15	8.393
20200713 225714	834.248	6.25	9.14	8.385
20200713 225716	836.377	6.23	9.13	8.371
20200713 225718	838.505	6.22	9.13	8.356
20200713 225720	840.634	6.21	9.11	8.349
20200713 225723	842.761	6.19	9.11	8.326
20200713 225725	844.888	6.18	9.09	8.319
20200713 225727	847.014	6.17	9.08	8.304
20200713 225729	849.141	6.15	9.07	8.297
20200713 225731	851.266	6.13	9.06	8.275
20200713 225733	853.378	6.13	9.05	8.267
20200713 225735	855.491	6.11	9.05	8.253
20200713 225737	857.62	6.09	9.04	8.245
20200713 225740	859.749	6.09	9.02	8.231
20200713 225742	861.872	6.07	9.02	8.216
20200713 225744	864.001	6.05	9.01	8.209
20200713 225746	866.127	6.04	8.99	8.194
20200713 225748	868.243	6.03	8.99	8.179
20200713 225750	870.367	6.01	8.97	8.172
20200713 225752	872.481	6.0	8.96	8.157
20200713 225754	874.605	5.99	8.96	8.142
20200713 225757	876.717	5.97	8.94	8.135
20200713 225759	878.828	5.96	8.93	8.113
20200713 225801	880.959	5.94	8.92	8.105
20200713 225803	883.087	5.93	8.91	8.091
20200713 225805	885.212	5.92	8.89	8.083
20200713 225807	887.339	5.9	8.89	8.076
20200713 225809	889.451	5.89	8.88	8.061
20200713 225811	891.578	5.88	8.87	8.047
20200713 225814	893.709	5.86	8.86	8.039
20200713 225816	895.837	5.84	8.85	8.024
20200713 225818	897.965	5.84	8.83	8.01
20200713 225820	900.089	5.82	8.83	8.002
20200713 225822	902.215	5.8	8.82	7.98
20200713 225824	904.331	5.8	8.81	7.973
20200713 225826	906.453	5.78	8.8	7.966
20200713 225828	908.564	5.77	8.79	7.943
20200713 225831	910.678	5.76	8.77	7.928
20200713 225833	912.804	5.74	8.77	7.928
20200713 225835	914.918	5.73	8.76	7.905
20200713 225837	917.047	5.71	8.75	7.898
20200713 225839	919.173	5.7	8.75	7.883
20200713 225841	921.301	5.69	8.73	7.868
20200713 225843	923.427	5.67	8.72	7.861
20200713 225845	925.555	5.66	8.72	7.838
20200713 225848	927.685	5.65	8.71	7.838
20200713 225850	929.808	5.63	8.69	7.823
20200713 225852	931.921	5.62	8.68	7.808
20200713 225854	934.048	5.61	8.67	7.801
20200713 225856	936.158	5.59	8.66	7.794
20200713 225858	938.271	5.57	8.65	7.771
20200713 225900	940.386	5.57	8.64	7.764
20200713 225902	942.51	5.55	8.64	7.749
20200713 225904	944.639	5.53	8.63	7.742
20200713 225907	946.768	5.53	8.61	7.727
20200713 225909	948.894	5.51	8.61	7.712
20200713 225911	951.021	5.49	8.6	7.704
20200713 225913	953.15	5.48	8.59	7.682
20200713 225915	955.274	5.47	8.59	7.682
20200713 225917	957.389	5.45	8.57	7.667
20200713 225919	959.517	5.44	8.56	7.652
20200713 225921	961.644	5.43	8.55	7.637
20200713 225924	963.769	5.41	8.54	7.63
20200713 225926	965.895	5.4	8.52	7.615
20200713 225928	968.006	5.39	8.52	7.608
20200713 225930	970.119	5.37	8.51	7.593
20200713 225932	972.25	5.36	8.49	7.578
20200713 225934	974.378	5.34	8.49	7.57
20200713 225936	976.505	5.33	8.48	7.555
20200713 225938	978.633	5.32	8.47	7.548
20200713 225941	980.76	5.3	8.47	7.541
20200713 225943	982.884	5.29	8.45	7.526
20200713 225945	984.997	5.28	8.44	7.503
20200713 225947	987.14	5.26	8.43	7.496
20200713 225949	989.27	5.25	8.42	7.489
20200713 225951	991.396	5.24	8.4	7.466
20200713 225953	993.523	5.22	8.39	7.458
20200713 225955	995.651	5.21	8.38	7.443
20200713 225958	997.779	5.2	8.37	7.435
20200713 230000	999.905	5.18	8.37	7.42
20200713 230002	1002.033	5.17	8.36	7.405
20200713 230004	1004.161	5.16	8.34	7.397
20200713 230006	1006.287	5.14	8.34	7.382
20200713 230008	1008.415	5.13	8.33	7.375
20200713 230010	1010.539	5.12	8.32	7.367
20200713 230013	1012.67	5.1	8.32	7.352
20200713 230015	1014.799	5.1	8.3	7.337
20200713 230017	1016.925	5.08	8.29	7.322
20200713 230019	1019.051	5.07	8.29	7.315
20200713 230021	1021.182	5.06	8.28	7.3
20200713 230023	1023.309	5.04	8.26	7.277
20200713 230025	1025.433	5.03	8.26	7.277
20200713 230027	1027.548	5.02	8.25	7.27
20200713 230030	1029.671	5.01	8.23	7.255
20200713 230032	1031.786	4.99	8.23	7.247
20200713 230034	1033.912	4.98	8.22	7.24
20200713 230036	1036.037	4.97	8.2	7.232
20200713 230038	1038.152	4.95	8.2	7.209
20200713 230040	1040.279	4.95	8.18	7.194
20200713 230042	1042.407	4.93	8.18	7.194
20200713 230044	1044.534	4.92	8.17	7.172
20200713 230047	1046.66	4.91	8.17	7.164
20200713 230049	1048.772	4.89	8.16	7.149
20200713 230051	1050.9	4.88	8.16	7.134
20200713 230053	1053.025	4.87	8.15	7.119
20200713 230055	1055.138	4.86	8.14	7.112
20200713 230057	1057.266	4.84	8.13	7.112
20200713 230059	1059.393	4.83	8.11	7.089
20200713 230101	1061.522	4.82	8.1	7.089
20200713 230103	1063.652	4.8	8.09	7.074
20200713 230106	1065.776	4.8	8.07	7.067
20200713 230108	1067.901	4.78	8.07	7.052
20200713 230110	1070.016	4.77	8.06	7.037
20200713 230112	1072.142	4.76	8.05	7.021
20200713 230114	1074.267	4.74	8.04	7.006
20200713 230116	1076.38	4.73	8.03	6.999
20200713 230118	1078.508	4.72	8.01	6.991
20200713 230120	1080.633	4.7	8.0	6.975
20200713 230123	1082.747	4.69	7.99	6.968
20200713 230125	1084.872	4.68	7.98	6.945
20200713 230127	1086.983	4.66	7.98	6.945
20200713 230129	1089.097	4.65	7.97	6.922
20200713 230131	1091.223	4.64	7.96	6.922
20200713 230133	1093.351	4.63	7.96	6.907
20200713 230135	1095.476	4.61	7.95	6.899
20200713 230137	1097.588	4.6	7.94	6.876
20200713 230140	1099.699	4.59	7.94	6.876
20200713 230142	1101.813	4.58	7.92	6.861
20200713 230144	1103.94	4.56	7.91	6.854
20200713 230146	1106.064	4.55	7.9	6.838
20200713 230148	1108.18	4.54	7.88	6.823
20200713 230150	1110.309	4.53	7.87	6.808
20200713 230152	1112.435	4.51	7.87	6.808
20200713 230154	1114.564	4.51	7.86	6.793
20200713 230157	1116.688	4.49	7.86	6.777
20200713 230159	1118.818	4.47	7.86	6.77
20200713 230201	1120.946	4.47	7.85	6.755
20200713 230203	1123.073	4.45	7.84	6.747
20200713 230205	1125.2	4.44	7.84	6.732
20200713 230207	1127.326	4.43	7.82	6.724
20200713 230209	1129.454	4.42	7.82	6.709
20200713 230211	1131.582	4.4	7.81	6.694
20200713 230214	1133.708	4.4	7.8	6.686
20200713 230216	1135.837	4.38	7.79	6.686
20200713 230218	1137.965	4.37	7.78	6.656
20200713 230220	1140.089	4.36	7.77	6.648
20200713 230222	1142.205	4.35	7.77	6.641
20200713 230224	1144.333	4.34	7.76	6.633
20200713 230226	1146.458	4.33	7.75	6.618
20200713 230228	1148.587	4.32	7.74	6.603
20200713 230231	1150.714	4.31	7.72	6.587
20200713 230233	1152.84	4.3	7.71	6.572
20200713 230235	1154.966	4.29	7.71	6.572
20200713 230237	1157.092	4.28	7.7	6.557
20200713 230239	1159.205	4.27	7.69	6.549
20200713 230241	1161.332	4.26	7.69	6.534
20200713 230243	1163.458	4.25	7.68	6.527
20200713 230245	1165.57	4.24	7.67	6.511
20200713 230248	1167.681	4.23	7.67	6.504
20200713 230250	1169.793	4.22	7.66	6.487
20200713 230252	1171.906	4.22	7.64	6.472
20200713 230254	1174.035	4.21	7.63	6.464
20200713 230256	1176.162	4.2	7.62	6.457
20200713 230258	1178.291	4.2	7.6	6.449
20200713 230300	1180.414	4.19	7.6	6.434
20200713 230302	1182.525	4.18	7.59	6.418
20200713 230304	1184.642	4.17	7.58	6.41
20200713 230307	1186.767	4.16	7.58	6.395
20200713 230309	1188.896	4.16	7.57	6.38
20200713 230311	1191.024	4.15	7.56	6.38
20200713 230313	1193.15	4.14	7.55	6.364
20200713 230315	1195.278	4.13	7.54	6.349
20200713 230317	1197.402	4.12	7.53	6.341
20200713 230319	1199.516	4.11	7.53	6.334
20200713 230321	1201.641	4.1	7.52	6.318
20200713 230324	1203.773	4.09	7.51	6.311
20200713 230326	1205.898	4.08	7.5	6.295
20200713 230328	1208.028	4.08	7.49	6.295
20200713 230330	1210.151	4.06	7.47	6.287
20200713 230332	1212.264	4.05	7.47	6.264
20200713 230334	1214.393	4.05	7.46	6.257
20200713 230336	1216.519	4.04	7.44	6.241
20200713 230338	1218.649	4.02	7.44	6.234
20200713 230341	1220.777	4.02	7.43	6.226
20200713 230343	1222.899	4.01	7.42	6.211
20200713 230345	1225.012	4.0	7.41	6.203
20200713 230347	1227.125	3.99	7.4	6.203
20200713 230349	1229.255	3.98	7.4	6.18
20200713 230351	1231.378	3.97	7.38	6.18
20200713 230353	1233.49	3.96	7.36	6.164
20200713 230355	1235.619	3.95	7.36	6.157
20200713 230358	1237.746	3.94	7.34	6.157
20200713 230400	1239.873	3.93	7.34	6.134
20200713 230402	1241.999	3.92	7.34	6.118
20200713 230404	1244.111	3.91	7.33	6.118
20200713 230406	1246.221	3.91	7.32	6.103
20200713 230408	1248.337	3.9	7.32	6.095
20200713 230410	1250.46	3.88	7.32	6.08
20200713 230412	1252.575	3.88	7.31	6.064
20200713 230415	1254.7	3.87	7.31	6.064
20200713 230417	1256.812	3.86	7.29	6.057
20200713 230419	1258.926	3.85	7.28	6.041
20200713 230421	1261.054	3.84	7.27	6.041
20200713 230423	1263.178	3.83	7.26	6.026
20200713 230425	1265.289	3.82	7.25	6.011
20200713 230427	1267.403	3.81	7.24	6.003
20200713 230429	1269.53	3.8	7.23	5.986
20200713 230432	1271.66	3.79	7.22	5.986
20200713 230434	1273.784	3.78	7.22	5.963
20200713 230436	1275.91	3.78	7.21	5.963
20200713 230438	1278.026	3.77	7.21	5.947
20200713 230440	1280.15	3.75	7.21	5.94
20200713 230442	1282.263	3.75	7.2	5.932
20200713 230444	1284.39	3.74	7.19	5.916
20200713 230446	1286.518	3.72	7.19	5.916
20200713 230448	1288.646	3.72	7.17	5.901
20200713 230451	1290.774	3.71	7.16	5.885
20200713 230453	1292.902	3.7	7.16	5.877
20200713 230455	1295.027	3.69	7.15	5.87
20200713 230457	1297.155	3.68	7.14	5.862
20200713 230459	1299.283	3.67	7.14	5.838
20200713 230501	1301.408	3.66	7.13	5.838
20200713 230503	1303.521	3.65	7.13	5.838
20200713 230505	1305.65	3.64	7.12	5.815
20200713 230508	1307.774	3.63	7.11	5.799
20200713 230510	1309.886	3.62	7.11	5.799
20200713 230512	1312.013	3.61	7.1	5.799
20200713 230514	1314.126	3.6	7.08	5.792
20200713 230516	1316.251	3.59	7.08	5.784
20200713 230518	1318.363	3.58	7.06	5.768
20200713 230520	1320.476	3.57	7.05	5.753
20200713 230522	1322.605	3.56	7.05	5.745
20200713 230525	1324.732	3.55	7.04	5.737
20200713 230527	1326.858	3.55	7.03	5.729
20200713 230529	1328.973	3.53	7.03	5.714
20200713 230531	1331.097	3.52	7.02	5.698
20200713 230533	1333.226	3.52	7.01	5.698
20200713 230535	1335.353	3.5	7.01	5.683
20200713 230537	1337.481	3.49	7.01	5.675
20200713 230539	1339.61	3.49	6.99	5.675
20200713 230542	1341.736	3.48	6.99	5.659
20200713 230544	1343.862	3.46	6.97	5.652
20200713 230546	1345.972	3.46	6.96	5.644
20200713 230548	1348.083	3.45	6.96	5.628
20200713 230550	1350.196	3.44	6.95	5.621
20200713 230552	1352.311	3.43	6.94	5.613
20200713 230554	1354.434	3.42	6.94	5.605
20200713 230556	1356.545	3.41	6.93	5.589
20200713 230559	1358.661	3.4	6.93	5.589
20200713 230601	1360.787	3.39	6.92	5.574
20200713 230603	1362.913	3.39	6.91	5.566
20200713 230605	1365.04	3.37	6.89	5.566
20200713 230607	1367.151	3.36	6.89	5.543
20200713 230609	1369.267	3.36	6.88	5.535
20200713 230611	1371.393	3.34	6.87	5.527
20200713 230613	1373.518	3.33	6.86	5.519
20200713 230615	1375.644	3.33	6.85	5.519
20200713 230618	1377.756	3.32	6.85	5.504
20200713 230620	1379.87	3.3	6.84	5.487
20200713 230622	1381.997	3.3	6.83	5.487
20200713 230624	1384.126	3.29	6.83	5.471
20200713 230626	1386.252	3.28	6.82	5.463
20200713 230628	1388.377	3.27	6.82	5.448
20200713 230630	1390.489	3.26	6.81	5.448
20200713 230632	1392.601	3.25	6.8	5.432
20200713 230635	1394.732	3.24	6.78	5.424
20200713 230637	1396.859	3.23	6.78	5.416
20200713 230639	1398.982	3.22	6.77	5.416
20200713 230641	1401.096	3.21	6.76	5.4
20200713 230643	1403.223	3.2	6.76	5.385
20200713 230645	1405.365	3.19	6.75	5.385
20200713 230647	1407.477	3.18	6.74	5.369
20200713 230649	1409.592	3.17	6.74	5.369
20200713 230652	1411.715	3.16	6.73	5.353
20200713 230654	1413.83	3.16	6.72	5.345
20200713 230656	1415.958	3.15	6.72	5.337
20200713 230658	1418.086	3.13	6.7	5.322
20200713 230700	1420.21	3.13	6.69	5.314
20200713 230702	1422.322	3.12	6.69	5.314
20200713 230704	1424.453	3.11	6.68	5.306
20200713 230706	1426.576	3.1	6.68	5.282
20200713 230709	1428.691	3.09	6.68	5.29
20200713 230711	1430.814	3.08	6.67	5.274
20200713 230713	1432.943	3.07	6.66	5.266
20200713 230715	1435.054	3.06	6.65	5.266
20200713 230717	1437.165	3.06	6.64	5.235
20200713 230719	1439.277	3.05	6.63	5.235
20200713 230721	1441.404	3.04	6.62	5.227
20200713 230723	1443.518	3.03	6.61	5.211
20200713 230725	1445.647	3.02	6.6	5.211
20200713 230728	1447.775	3.01	6.6	5.203
20200713 230730	1449.9	3.0	6.59	5.188
20200713 230732	1452.03	2.99	6.57	5.18
20200713 230734	1454.155	2.98	6.56	5.164
20200713 230736	1456.281	2.98	6.55	5.164
20200713 230738	1458.393	2.97	6.55	5.148
20200713 230740	1460.519	2.96	6.55	5.156
20200713 230742	1462.635	2.95	6.54	5.148
20200713 230745	1464.763	2.94	6.54	5.14
20200713 230747	1466.889	2.93	6.53	5.125
20200713 230749	1469.016	2.92	6.52	5.101
20200713 230751	1471.145	2.91	6.52	5.109
20200713 230753	1473.271	2.9	6.5	5.093
20200713 230755	1475.4	2.9	6.49	5.085
20200713 230757	1477.528	2.89	6.49	5.077
20200713 230759	1479.655	2.88	6.48	5.077
20200713 230802	1481.779	2.87	6.48	5.054
20200713 230804	1483.889	2.86	6.47	5.046
20200713 230806	1486.003	2.85	6.47	5.046
20200713 230808	1488.133	2.85	6.46	5.046
20200713 230810	1490.258	2.84	6.46	5.022
20200713 230812	1492.383	2.83	6.45	5.022
20200713 230814	1494.499	2.82	6.44	5.007
20200713 230816	1496.624	2.81	6.43	5.007
20200713 230819	1498.749	2.8	6.42	4.989
20200713 230824	1503.937	2.78	6.41	4.966
20200713 230826	1506.06	2.78	6.41	4.958
20200713 230828	1508.175	2.78	6.41	4.95
20200713 230830	1510.3	2.81	6.41	4.942
20200713 230832	1512.431	2.82	6.39	4.926
20200713 230834	1514.559	2.88	6.39	4.918
20200713 230837	1516.682	2.95	6.37	4.91
20200713 230839	1518.796	2.99	6.36	4.894
20200713 230841	1520.92	3.08	6.35	4.902
20200713 230843	1523.051	3.16	6.34	4.878
20200713 230845	1525.18	3.2	6.33	4.886
20200713 230847	1527.308	3.29	6.33	4.87
20200713 230849	1529.434	3.37	6.32	4.862
20200713 230851	1531.562	3.42	6.31	4.846
20200713 230854	1533.691	3.5	6.3	4.854
20200713 230856	1535.813	3.59	6.29	4.838
20200713 230858	1537.943	3.63	6.28	4.83
20200713 230900	1540.067	3.72	6.28	4.83
20200713 230902	1542.181	3.8	6.27	4.822
20200713 230904	1544.311	3.85	6.26	4.814
20200713 230906	1546.434	3.94	6.26	4.806
20200713 230908	1548.548	3.98	6.25	4.806
20200713 230911	1550.678	4.07	6.25	4.798
20200713 230913	1552.802	4.15	6.24	4.798
20200713 230915	1554.932	4.2	6.24	4.79
20200713 230917	1557.06	4.28	6.24	4.782
20200713 230919	1559.183	4.37	6.24	4.782
20200713 230921	1561.295	4.41	6.24	4.774
20200713 230923	1563.405	4.5	6.24	4.782
20200713 230925	1565.517	4.59	6.23	4.774
20200713 230927	1567.63	4.63	6.23	4.774
20200713 230930	1569.761	4.72	6.23	4.774
20200713 230932	1571.888	4.81	6.23	4.774
20200713 230934	1574.015	4.86	6.23	4.774
20200713 230936	1576.143	4.95	6.23	4.774
20200713 230938	1578.271	5.04	6.23	4.782
20200713 230940	1580.398	5.08	6.24	4.782
20200713 230942	1582.521	5.17	6.24	4.79
20200713 230944	1584.633	5.27	6.24	4.798
20200713 230947	1586.744	5.32	6.25	4.798
20200713 230949	1588.857	5.41	6.25	4.806
20200713 230951	1590.983	5.51	6.25	4.806
20200713 230953	1593.099	5.55	6.26	4.814
20200713 230955	1595.222	5.65	6.25	4.822
20200713 230957	1597.333	5.74	6.27	4.83
20200713 230959	1599.464	5.79	6.28	4.83
20200713 231001	1601.592	5.88	6.28	4.838
20200713 231004	1603.716	5.98	6.29	4.854
20200713 231006	1605.827	6.03	6.3	4.862
20200713 231008	1607.94	6.12	6.3	4.878
20200713 231010	1610.071	6.22	6.31	4.894
20200713 231012	1612.198	6.27	6.33	4.902
20200713 231014	1614.322	6.36	6.33	4.918
20200713 231016	1616.437	6.46	6.34	4.934
20200713 231018	1618.563	6.51	6.36	4.934
20200713 231021	1620.692	6.61	6.37	4.942
20200713 231023	1622.815	6.71	6.38	4.966
20200713 231025	1624.945	6.76	6.4	4.981
20200713 231027	1627.074	6.86	6.4	5.014
20200713 231029	1629.201	6.91	6.42	5.03
20200713 231031	1631.325	7.01	6.44	5.038
20200713 231033	1633.437	7.11	6.44	5.062
20200713 231035	1635.548	7.16	6.46	5.085
20200713 231038	1637.659	7.26	6.49	5.101
20200713 231040	1639.771	7.36	6.49	5.125
20200713 231042	1641.901	7.41	6.52	5.133
20200713 231044	1644.026	7.51	6.55	5.164
20200713 231046	1646.139	7.61	6.55	5.18
20200713 231048	1648.266	7.66	6.58	5.219
20200713 231050	1650.392	7.75	6.58	5.235
20200713 231052	1652.504	7.85	6.61	5.259
20200713 231054	1654.616	7.9	6.63	5.274
20200713 231057	1656.744	8.0	6.64	5.306
20200713 231059	1658.874	8.1	6.66	5.329
20200713 231101	1661.0	8.15	6.69	5.369
20200713 231103	1663.125	8.25	6.7	5.385
20200713 231105	1665.238	8.35	6.73	5.424
20200713 231107	1667.368	8.4	6.76	5.44
20200713 231109	1669.491	8.5	6.77	5.479
20200713 231111	1671.602	8.59	6.8	5.504
20200713 231114	1673.715	8.64	6.83	5.535
20200713 231116	1675.828	8.74	6.84	5.582
20200713 231118	1677.958	8.84	6.87	5.613
20200713 231120	1680.083	8.88	6.91	5.652
20200713 231122	1682.213	8.98	6.92	5.675
20200713 231124	1684.338	9.08	6.95	5.706
20200713 231126	1686.467	9.13	6.99	5.737
20200713 231128	1688.595	9.22	7.0	5.792
20200713 231131	1690.718	9.32	7.04	5.815
20200713 231133	1692.834	9.37	7.08	5.854
20200713 231135	1694.962	9.46	7.08	5.893
20200713 231137	1697.089	9.56	7.13	5.932
20200713 231139	1699.212	9.61	7.17	5.971
20200713 231141	1701.325	9.71	7.18	6.018
20200713 231143	1703.45	9.81	7.22	6.057
20200713 231145	1705.583	9.86	7.26	6.095
20200713 231148	1707.707	9.96	7.27	6.134
20200713 231150	1709.833	10.01	7.31	6.18
20200713 231152	1711.961	10.1	7.36	6.226
20200713 231154	1714.089	10.2	7.37	6.272
20200713 231156	1716.216	10.25	7.41	6.311
20200713 231158	1718.343	10.35	7.45	6.364
20200713 231200	1720.47	10.44	7.46	6.403
20200713 231202	1722.586	10.49	7.5	6.457
20200713 231205	1724.709	10.59	7.55	6.496
20200713 231207	1726.842	10.69	7.56	6.549
20200713 231209	1728.965	10.73	7.61	6.595
20200713 231211	1731.096	10.83	7.66	6.648
20200713 231213	1733.224	10.93	7.67	6.701
20200713 231215	1735.351	10.98	7.72	6.747
20200713 231217	1737.474	11.07	7.76	6.793
20200713 231219	1739.585	11.17	7.77	6.838
20200713 231222	1741.697	11.22	7.82	6.892
20200713 231224	1743.826	11.32	7.83	6.952
20200713 231226	1745.954	11.42	7.89	6.999
20200713 231228	1748.082	11.47	7.94	7.059
20200713 231230	1750.207	11.57	7.95	7.104
20200713 231232	1752.339	11.66	8.0	7.172
20200713 231234	1754.482	11.71	8.05	7.217
20200713 231236	1756.61	11.8	8.06	7.255
20200713 231239	1758.735	11.9	8.11	7.33
20200713 231241	1760.877	11.95	8.17	7.375
20200713 231243	1763.008	12.05	8.18	7.428
20200713 231245	1765.136	12.14	8.24	7.489
20200713 231247	1767.277	12.19	8.29	7.548
20200713 231249	1769.403	12.29	8.3	7.608
20200713 231251	1771.531	12.39	8.36	7.667
20200713 231253	1773.657	12.43	8.42	7.712
20200713 231256	1775.789	12.53	8.43	7.779
20200713 231258	1777.916	12.63	8.48	7.831
20200713 231300	1780.043	12.67	8.53	7.883
20200713 231302	1782.169	12.77	8.55	7.943
20200713 231304	1784.294	12.86	8.6	8.002
20200713 231306	1786.406	12.91	8.66	8.061
20200713 231308	1788.537	13.01	8.67	8.12
20200713 231311	1790.66	13.1	8.73	8.179
20200713 231313	1792.777	13.15	8.79	8.231
20200713 231315	1794.905	13.24	8.8	8.297
20200713 231317	1797.027	13.34	8.86	8.363
20200713 231319	1799.14	13.39	8.92	8.416
20200713 231321	1801.267	13.48	8.93	8.474
20200713 231323	1803.393	13.58	8.99	8.54
20200713 231325	1805.507	13.63	9.05	8.591
20200713 231327	1807.632	13.72	9.06	8.664
20200713 231330	1809.747	13.82	9.12	8.715
20200713 231332	1811.877	13.86	9.17	8.773
20200713 231334	1813.999	13.96	9.18	8.846
20200713 231336	1816.126	14.06	9.25	8.898
20200713 231338	1818.24	14.1	9.31	8.948
20200713 231340	1820.366	14.2	9.33	9.021
20200713 231342	1822.498	14.3	9.39	9.071
20200713 231344	1824.623	14.34	9.45	9.136
20200713 231347	1826.751	14.44	9.46	9.201
20200713 231349	1828.875	14.49	9.53	9.259
20200713 231351	1830.99	14.58	9.59	9.331
20200713 231353	1833.119	14.68	9.6	9.389
20200713 231355	1835.242	14.72	9.66	9.447
20200713 231357	1837.374	14.82	9.72	9.504
20200713 231359	1839.501	14.91	9.73	9.583
20200713 231401	1841.625	14.96	9.8	9.647
20200713 231404	1843.756	15.05	9.86	9.704
20200713 231406	1845.884	15.15	9.88	9.769
20200713 231408	1848.012	15.19	9.94	9.834
20200713 231410	1850.155	15.29	10.01	9.904
20200713 231412	1852.283	15.38	10.02	9.961
20200713 231414	1854.411	15.43	10.08	10.032
20200713 231416	1856.554	15.52	10.15	10.096
20200713 231419	1858.682	15.62	10.16	10.16
20200713 231421	1860.809	15.66	10.23	10.224
20200713 231423	1862.933	15.76	10.29	10.288
20200713 231425	1865.061	15.85	10.31	10.351
20200713 231427	1867.192	15.9	10.37	10.421
20200713 231429	1869.32	16.0	10.44	10.485
20200713 231431	1871.447	16.09	10.45	10.555
20200713 231433	1873.574	16.14	10.52	10.618
20200713 231436	1875.699	16.23	10.59	10.681
20200713 231438	1877.827	16.33	10.6	10.738
20200713 231440	1879.957	16.37	10.67	10.808
20200713 231442	1882.084	16.47	10.69	10.878
20200713 231444	1884.212	16.56	10.75	10.94
20200713 231446	1886.339	16.61	10.82	11.01
20200713 231448	1888.467	16.7	10.83	11.08
20200713 231450	1890.593	16.8	10.89	11.135
20200713 231453	1892.72	16.84	10.95	11.212
20200713 231455	1894.849	16.94	10.97	11.275
20200713 231457	1896.972	17.03	11.04	11.344
20200713 231459	1899.12	17.08	11.11	11.399
20200713 231501	1901.248	17.18	11.13	11.475
20200713 231503	1903.37	17.27	11.19	11.544
20200713 231505	1905.519	17.32	11.25	11.607
20200713 231507	1907.642	17.41	11.27	11.676
20200713 231510	1909.774	17.5	11.33	11.751
20200713 231512	1911.917	17.55	11.41	11.813
20200713 231514	1914.045	17.64	11.43	11.881
20200713 231516	1916.172	17.74	11.5	11.957
20200713 231518	1918.311	17.78	11.57	12.018
20200713 231520	1920.441	17.88	11.58	12.08
20200713 231522	1922.57	17.97	11.65	12.155
20200713 231525	1924.71	18.02	11.72	12.223
20200713 231527	1926.841	18.12	11.74	12.291
20200713 231529	1928.965	18.21	11.81	12.366
20200713 231531	1931.091	18.26	11.88	12.427
20200713 231533	1933.22	18.35	11.89	12.496
20200713 231535	1935.35	18.44	11.96	12.564
20200713 231537	1937.479	18.49	12.03	12.631
20200713 231539	1939.602	18.59	12.05	12.699
20200713 231542	1941.729	18.68	12.12	12.766
20200713 231544	1943.861	18.73	12.19	12.84
20200713 231546	1945.988	18.82	12.2	12.901
20200713 231548	1948.115	18.91	12.27	12.969
20200713 231550	1950.24	18.96	12.36	13.043
20200713 231552	1952.37	19.05	12.37	13.116
20200713 231554	1954.493	19.15	12.44	13.177
20200713 231556	1956.625	19.2	12.52	13.25
20200713 231559	1958.751	19.29	12.53	13.324
20200713 231601	1960.879	19.38	12.6	13.392
20200713 231603	1963.002	19.43	12.67	13.465
20200713 231605	1965.134	19.52	12.68	13.525
20200713 231607	1967.278	19.62	12.75	13.598
20200713 231609	1969.405	19.66	12.83	13.664
20200713 231611	1971.532	19.76	12.84	13.738
20200713 231614	1973.672	19.85	12.92	13.805
20200713 231616	1975.803	19.9	13.0	13.871
20200713 231618	1977.931	19.99	13.02	13.95
20200713 231620	1980.074	20.09	13.09	14.016
20200713 231622	1982.197	20.13	13.17	14.082
20200713 231624	1984.329	20.23	13.17	14.155
20200713 231626	1986.472	20.32	13.24	14.228
20200713 231628	1988.599	20.36	13.32	14.294
20200713 231631	1990.727	20.46	13.33	14.366
20200713 231633	1992.871	20.55	13.41	14.432
20200713 231635	1994.998	20.6	13.49	14.511
20200713 231637	1997.126	20.69	13.49	14.57
20200713 231639	1999.253	20.79	13.57	14.649
20200713 231641	2001.381	20.84	13.65	14.714
20200713 231643	2003.508	20.93	13.67	14.779
20200713 231645	2005.635	21.02	13.75	14.851
20200713 231648	2007.76	21.07	13.84	14.923
20200713 231650	2009.89	21.16	13.85	15.001
20200713 231652	2012.018	21.25	13.92	15.06
20200713 231654	2014.146	21.3	14.0	15.138
20200713 231656	2016.273	21.39	14.02	15.203
20200713 231658	2018.396	21.49	14.11	15.268
20200713 231700	2020.528	21.53	14.19	15.339
20200713 231702	2022.65	21.62	14.2	15.417
20200713 231705	2024.783	21.72	14.28	15.482
20200713 231707	2026.91	21.76	14.36	15.553
20200713 231709	2029.038	21.86	14.38	15.631
20200713 231711	2031.164	21.95	14.46	15.701
20200713 231713	2033.289	21.99	14.53	15.772
20200713 231715	2035.436	22.09	14.54	15.837
20200713 231717	2037.559	22.18	14.62	15.908
20200713 231720	2039.688	22.22	14.69	15.985
20200713 231722	2041.835	22.32	14.7	16.043
20200713 231724	2043.957	22.41	14.79	16.12
20200713 231726	2046.088	22.46	14.87	16.19
20200713 231728	2048.233	22.55	14.88	16.261
20200713 231730	2050.357	22.64	14.96	16.338
20200713 231732	2052.488	22.69	15.04	16.401
20200713 231734	2054.611	22.78	15.05	16.465
20200713 231737	2056.739	22.87	15.14	16.542
20200713 231739	2058.868	22.92	15.22	16.612
20200713 231741	2060.997	23.01	15.24	16.689
20200713 231743	2063.122	23.11	15.33	16.752
20200713 231745	2065.253	23.15	15.4	16.822
20200713 231747	2067.379	23.25	15.41	16.898
20200713 231749	2069.508	23.29	15.5	16.968
20200713 231751	2071.635	23.39	15.57	17.044
20200713 231754	2073.763	23.48	15.59	17.114
20200713 231756	2075.886	23.52	15.68	17.183
20200713 231758	2078.018	23.61	15.76	17.253
20200713 231800	2080.145	23.7	15.78	17.322
20200713 231802	2082.273	23.75	15.86	17.398
20200713 231804	2084.401	23.84	15.94	17.474
20200713 231806	2086.525	23.93	15.96	17.537
20200713 231808	2088.652	23.98	16.04	17.619
20200713 231811	2090.783	24.07	16.12	17.669
20200713 231813	2092.911	24.16	16.14	17.75
20200713 231815	2095.038	24.2	16.22	17.819
20200713 231817	2097.165	24.3	16.3	17.895
20200713 231819	2099.293	24.39	16.33	17.964
20200713 231821	2101.42	24.43	16.41	18.039
20200713 231823	2103.544	24.52	16.49	18.101
20200713 231826	2105.671	24.62	16.51	18.176
20200713 231828	2107.803	24.66	16.58	18.239
20200713 231830	2109.93	24.75	16.61	18.32
20200713 231832	2112.058	24.85	16.69	18.376
20200713 231834	2114.181	24.89	16.77	18.457
20200713 231836	2116.313	24.98	16.79	18.526
20200713 231838	2118.44	25.08	16.87	18.6
20200713 231840	2120.567	25.12	16.94	18.669
20200713 231843	2122.692	25.21	16.96	18.743
20200713 231845	2124.823	25.3	17.04	18.824
20200713 231847	2126.95	25.35	17.11	18.88
20200713 231849	2129.078	25.44	17.13	18.96
20200713 231851	2131.205	25.53	17.2	19.028
20200713 231853	2133.349	25.58	17.28	19.103
20200713 231855	2135.476	25.67	17.31	19.171
20200713 231857	2137.603	25.76	17.39	19.245
20200713 231900	2139.742	25.81	17.47	19.319
20200713 231902	2141.875	25.9	17.49	19.393
20200713 231904	2144.002	25.99	17.57	19.46
20200713 231906	2146.129	26.03	17.64	19.535
20200713 231908	2148.252	26.12	17.66	19.602
20200713 231910	2150.382	26.21	17.74	19.67
20200713 231912	2152.512	26.26	17.82	19.743
20200713 231914	2154.634	26.35	17.84	19.817
20200713 231917	2156.767	26.44	17.92	19.903
20200713 231919	2158.894	26.49	18.0	19.989
20200713 231921	2161.022	26.58	18.02	20.007
20200713 231923	2163.15	26.67	18.09	20.074
20200713 231925	2165.279	26.71	18.18	20.154
20200713 231927	2167.406	26.8	18.19	20.227
20200713 231929	2169.534	26.89	18.27	20.301
20200713 231932	2171.661	26.94	18.35	20.38
20200713 231934	2173.786	27.03	18.37	20.453
20200713 231936	2175.917	27.12	18.45	20.52
20200713 231938	2178.042	27.17	18.53	20.587
20200713 231940	2180.171	27.26	18.54	20.661
20200713 231942	2182.315	27.35	18.62	20.728
20200713 231944	2184.439	27.39	18.7	20.807
20200713 231946	2186.57	27.48	18.71	20.873
20200713 231949	2188.713	27.57	18.79	20.94
20200713 231951	2190.841	27.62	18.88	21.019
20200713 231953	2192.965	27.71	18.89	21.092
20200713 231955	2195.112	27.8	18.97	21.165
20200713 231957	2197.234	27.84	19.05	21.231
20200713 231959	2199.367	27.93	19.07	21.292
20200713 232001	2201.51	28.02	19.14	21.37
20200713 232003	2203.632	28.07	19.23	21.443
20200713 232006	2205.761	28.15	19.24	21.51
20200713 232008	2207.909	28.24	19.32	21.582
20200713 232010	2210.029	28.29	19.41	21.66
20200713 232012	2212.164	28.38	19.42	21.727
20200713 232014	2214.307	28.47	19.49	21.793
20200713 232016	2216.435	28.51	19.58	21.866
20200713 232018	2218.562	28.6	19.59	21.938
20200713 232021	2220.683	28.69	19.67	22.01
20200713 232023	2222.817	28.74	19.75	22.082
20200713 232025	2224.945	28.83	19.76	22.154
20200713 232027	2227.072	28.92	19.84	22.221
20200713 232029	2229.2	28.96	19.92	22.311
20200713 232031	2231.325	29.05	19.94	22.359
20200713 232033	2233.451	29.14	20.01	22.437
20200713 232035	2235.582	29.19	20.1	22.508
20200713 232038	2237.712	29.27	20.11	22.574
20200713 232040	2239.833	29.36	20.19	22.646
20200713 232042	2241.967	29.41	20.27	22.724
20200713 232044	2244.092	29.5	20.29	22.784
20200713 232046	2246.219	29.59	20.37	22.862
20200713 232048	2248.347	29.63	20.45	22.927
20200713 232050	2250.475	29.72	20.46	22.999
20200713 232052	2252.595	29.81	20.54	23.071
20200713 232055	2254.73	29.85	20.62	23.142
20200713 232057	2256.871	29.94	20.63	23.214
20200713 232059	2258.994	30.03	20.72	23.28
20200713 232101	2261.126	30.07	20.79	23.357
20200713 232103	2263.271	30.16	20.81	23.429
20200713 232105	2265.399	30.25	20.89	23.494
20200713 232107	2267.519	30.3	20.97	23.566
20200713 232110	2269.664	30.39	20.98	23.643
20200713 232112	2271.792	30.48	21.06	23.714
20200713 232114	2273.925	30.52	21.14	23.786
20200713 232116	2276.067	30.61	21.15	23.857
20200713 232118	2278.196	30.7	21.23	23.928
20200713 232120	2280.324	30.74	21.31	23.993
20200713 232122	2282.467	30.83	21.32	24.059
20200713 232124	2284.589	30.92	21.41	24.136
20200713 232127	2286.715	30.97	21.49	24.207
20200713 232129	2288.866	31.05	21.5	24.272
20200713 232131	2290.992	31.14	21.58	24.349
20200713 232133	2293.12	31.19	21.66	24.42
20200713 232135	2295.264	31.27	21.67	24.491
20200713 232137	2297.392	31.36	21.75	24.562
20200713 232139	2299.519	31.41	21.83	24.621
20200713 232141	2301.646	31.49	21.84	24.692
20200713 232144	2303.774	31.58	21.92	24.763
20200713 232146	2305.902	31.63	21.99	24.84
20200713 232148	2308.024	31.71	22.01	24.911
20200713 232150	2310.157	31.8	22.09	24.982
20200713 232152	2312.283	31.85	22.17	25.058
20200713 232154	2314.41	31.93	22.18	25.117
20200713 232156	2316.536	31.98	22.26	25.188
20200713 232159	2318.667	32.06	22.34	25.265
20200713 232201	2320.794	32.15	22.36	25.336
20200713 232203	2322.922	32.19	22.43	25.4
20200713 232205	2325.049	32.28	22.51	25.471
20200713 232207	2327.175	32.37	22.53	25.542
20200713 232209	2329.304	32.41	22.6	25.606
20200713 232211	2331.432	32.5	22.68	25.671
20200713 232213	2333.559	32.59	22.69	25.748
20200713 232216	2335.681	32.63	22.77	25.818
20200713 232218	2337.83	32.72	22.85	25.9
20200713 232220	2339.958	32.8	22.87	25.965
20200713 232222	2342.085	32.85	22.94	26.03
20200713 232224	2344.224	32.93	23.01	26.1
20200713 232226	2346.372	33.02	23.03	26.165
20200713 232228	2348.5	33.06	23.11	26.253
20200713 232230	2350.621	33.15	23.18	26.306
20200713 232233	2352.748	33.24	23.2	26.376
20200713 232235	2354.879	33.28	23.27	26.452
20200713 232237	2357.023	33.37	23.35	26.523
20200713 232239	2359.15	33.46	23.37	26.593
20200713 232241	2361.278	33.5	23.44	26.663
20200713 232243	2363.421	33.59	23.51	26.728
20200713 232245	2365.544	33.67	23.53	26.816
20200713 232248	2367.705	33.72	23.6	26.869
20200713 232250	2369.832	33.8	23.68	26.933
20200713 232252	2371.964	33.89	23.7	27.009
20200713 232254	2374.091	33.93	23.77	27.068
20200713 232256	2376.217	34.02	23.85	27.15
20200713 232258	2378.344	34.11	23.87	27.22
20200713 232300	2380.474	34.15	23.94	27.284
20200713 232302	2382.596	34.24	24.01	27.354
20200713 232305	2384.729	34.32	24.04	27.424
20200713 232307	2386.856	34.36	24.13	27.489
20200713 232309	2388.981	34.45	24.18	27.553
20200713 232311	2391.111	34.54	24.18	27.617
20200713 232313	2393.239	34.58	24.23	27.693
20200713 232315	2395.366	34.67	24.29	27.752
20200713 232317	2397.494	34.75	24.31	27.804
20200713 232319	2399.617	34.8	24.39	27.874
20200713 232322	2401.749	34.88	24.41	27.927
20200713 232324	2403.873	34.97	24.48	27.974
20200713 232326	2406.003	35.01	24.55	27.991
20200713 232328	2408.131	35.1	24.56	27.921
20200713 232330	2410.257	35.18	24.6	27.886
20200713 232332	2412.385	35.22	24.65	27.898
20200713 232334	2414.514	35.31	24.66	27.939
20200713 232336	2416.636	35.4	24.72	27.985
20200713 232339	2418.781	35.44	24.8	28.032
20200713 232341	2420.912	35.53	24.84	28.19
20200713 232343	2423.04	35.61	24.95	28.365
20200713 232345	2425.178	35.66	25.06	28.458
20200713 232347	2427.311	35.74	25.09	28.528
20200713 232349	2429.438	35.83	25.14	28.563
20200713 232351	2431.581	35.87	25.19	28.598
20200713 232354	2433.709	35.96	25.21	28.65
20200713 232356	2435.837	36.04	25.28	28.744
20200713 232358	2437.975	36.08	25.34	28.919
20200713 232400	2440.106	36.17	25.34	28.959
20200713 232402	2442.23	36.26	25.38	29.047
20200713 232404	2444.359	36.3	25.42	29.117
20200713 232406	2446.49	36.38	25.44	29.286
20200713 232408	2448.611	36.47	25.52	29.443
20200713 232411	2450.729	36.51	25.61	29.583
20200713 232413	2452.855	36.6	25.63	29.577
20200713 232415	2454.98	36.68	25.69	29.565
20200713 232417	2457.107	36.73	25.76	29.595
20200713 232419	2459.239	36.81	25.76	29.647
20200713 232421	2461.367	36.9	25.83	29.711
20200713 232423	2463.49	36.94	25.92	29.775
20200713 232425	2465.621	37.03	25.93	29.828
20200713 232428	2467.745	37.11	26.0	29.886
20200713 232430	2469.875	37.15	26.08	29.944
20200713 232432	2472.004	37.24	26.08	30.055
20200713 232437	2477.201	37.41	26.28	30.218
20200713 232439	2479.329	37.49	26.36	30.375
20200713 232441	2481.458	37.52	26.42	30.515
20200713 232443	2483.585	37.58	26.43	30.608
20200713 232446	2485.71	37.61	26.45	30.701
20200713 232448	2487.841	37.62	26.47	30.818
20200713 232450	2489.968	37.62	26.49	30.888
20200713 232452	2492.096	37.61	26.57	30.963
20200713 232454	2494.223	37.61	26.66	30.987
20200713 232456	2496.345	37.59	26.69	31.016
20200713 232458	2498.478	37.58	26.75	31.057
20200713 232500	2500.602	37.57	26.78	31.121
20200713 232503	2502.728	37.55	26.78	31.185
20200713 232505	2504.861	37.54	26.81	31.225
20200713 232507	2506.986	37.53	26.88	31.255
20200713 232509	2509.115	37.51	26.9	31.272
20200713 232511	2511.24	37.49	26.98	31.278
20200713 232513	2513.371	37.48	27.05	31.342
20200713 232515	2515.495	37.47	27.06	31.383
20200713 232517	2517.625	37.45	27.12	31.429
20200713 232520	2519.751	37.44	27.19	31.482
20200713 232522	2521.876	37.43	27.2	31.528
20200713 232524	2524.006	37.41	27.27	31.575
20200713 232526	2526.134	37.41	27.34	31.627
20200713 232528	2528.263	37.39	27.35	31.668
20200713 232530	2530.391	37.38	27.43	31.715
20200713 232532	2532.515	37.38	27.5	31.767
20200713 232534	2534.641	37.37	27.52	31.808
20200713 232537	2536.771	37.36	27.59	31.867
20200713 232539	2538.896	37.35	27.65	31.907
20200713 232541	2541.023	37.34	27.66	31.954
20200713 232543	2543.151	37.34	27.73	31.995
20200713 232545	2545.281	37.33	27.79	32.041
20200713 232547	2547.411	37.33	27.81	32.088
20200713 232549	2549.533	37.32	27.87	32.129
20200713 232552	2551.661	37.32	27.93	32.17
20200713 232554	2553.791	37.31	27.93	32.205
20200713 232556	2555.92	37.3	27.99	32.251
20200713 232558	2558.043	37.3	28.05	32.292
20200713 232600	2560.176	37.29	28.06	32.327
20200713 232602	2562.3	37.29	28.11	32.368
20200713 232604	2564.428	37.29	28.17	32.403
20200713 232606	2566.553	37.28	28.18	32.444
20200713 232609	2568.681	37.28	28.23	32.479
20200713 232611	2570.809	37.27	28.29	32.52
20200713 232613	2572.937	37.26	28.3	32.561
20200713 232615	2575.066	37.26	28.34	32.59
20200713 232617	2577.196	37.26	28.39	32.625
20200713 232619	2579.324	37.25	28.41	32.654
20200713 232621	2581.446	37.25	28.45	32.695
20200713 232623	2583.578	37.24	28.5	32.73
20200713 232626	2585.706	37.23	28.51	32.759
20200713 232628	2587.833	37.23	28.55	32.788
20200713 232630	2589.977	37.22	28.59	32.818
20200713 232632	2592.104	37.22	28.6	32.853
20200713 232634	2594.228	37.22	28.65	32.888
20200713 232636	2596.357	37.21	28.69	32.911
20200713 232638	2598.485	37.21	28.7	32.94
20200713 232640	2600.614	37.2	28.74	32.969
20200713 232643	2602.738	37.2	28.78	32.999
20200713 232645	2604.866	37.19	28.79	33.022
20200713 232647	2606.994	37.19	28.83	33.051
20200713 232649	2609.124	37.18	28.86	33.08
20200713 232651	2611.251	37.18	28.88	33.104
20200713 232653	2613.374	37.17	28.92	33.127
20200713 232655	2615.506	37.17	28.92	33.162
20200713 232657	2617.632	37.16	28.95	33.18
20200713 232700	2619.762	37.16	28.99	33.209
20200713 232702	2621.889	37.16	29.0	33.227
20200713 232704	2624.015	37.15	29.03	33.256
20200713 232706	2626.142	37.15	29.07	33.273
20200713 232708	2628.266	37.14	29.08	33.303
20200713 232710	2630.395	37.14	29.11	33.32
20200713 232712	2632.526	37.14	29.14	33.343
20200713 232714	2634.651	37.13	29.15	33.361
20200713 232717	2636.781	37.13	29.19	33.384
20200713 232719	2638.909	37.12	29.22	33.408
20200713 232721	2641.035	37.12	29.22	33.431
20200713 232723	2643.163	37.11	29.25	33.443
20200713 232725	2645.291	37.11	29.29	33.478
20200713 232727	2647.419	37.1	29.29	33.49
20200713 232729	2649.562	37.1	29.32	33.501
20200713 232732	2651.689	37.1	29.35	33.525
20200713 232734	2653.817	37.09	29.36	33.536
20200713 232736	2655.944	37.09	29.39	33.554
20200713 232738	2658.072	37.09	29.42	33.577
20200713 232740	2660.198	37.08	29.42	33.595
20200713 232742	2662.322	37.08	29.45	33.613
20200713 232744	2664.449	37.07	29.48	33.63
20200713 232746	2666.581	37.07	29.48	33.642
20200713 232749	2668.705	37.06	29.51	33.665
20200713 232751	2670.836	37.06	29.53	33.677
20200713 232753	2672.958	37.06	29.54	33.689
20200713 232755	2675.091	37.05	29.56	33.706
20200713 232757	2677.218	37.05	29.59	33.718
20200713 232759	2679.345	37.04	29.59	33.736
20200713 232801	2681.473	37.04	29.62	33.747
20200713 232803	2683.596	37.03	29.65	33.759
20200713 232806	2685.727	37.02	29.65	33.771
20200713 232808	2687.855	37.0	29.67	33.788
20200713 232810	2689.983	36.99	29.69	33.806
20200713 232812	2692.11	36.97	29.69	33.817
20200713 232814	2694.236	36.94	29.72	33.829
20200713 232816	2696.361	36.92	29.75	33.847
20200713 232818	2698.489	36.88	29.75	33.853
20200713 232820	2700.616	36.85	29.78	33.864
20200713 232823	2702.748	36.83	29.8	33.882
20200713 232825	2704.874	36.79	29.8	33.888
20200713 232827	2707.003	36.75	29.82	33.899
20200713 232829	2709.125	36.74	29.84	33.905
20200713 232831	2711.252	36.7	29.84	33.917
20200713 232833	2713.38	36.66	29.86	33.929
20200713 232835	2715.509	36.64	29.88	33.935
20200713 232837	2717.651	36.61	29.88	33.946
20200713 232840	2719.783	36.57	29.9	33.946
20200713 232842	2721.91	36.55	29.92	33.958
20200713 232844	2724.055	36.52	29.92	33.964
20200713 232846	2726.183	36.48	29.94	33.97
20200713 232848	2728.31	36.46	29.96	33.981
20200713 232850	2730.453	36.43	29.96	33.987
20200713 232852	2732.578	36.39	29.98	33.987
20200713 232855	2734.707	36.38	30.0	33.987
20200713 232857	2736.851	36.34	30.0	33.999
20200713 232859	2738.974	36.31	30.01	34.005
20200713 232901	2741.102	36.29	30.01	34.011
20200713 232903	2743.228	36.26	30.01	34.005
20200713 232905	2745.361	36.22	30.02	34.005
20200713 232907	2747.487	36.2	30.04	34.017
20200713 232909	2749.613	36.17	30.04	34.011
20200713 232912	2751.74	36.13	30.06	34.011
20200713 232914	2753.869	36.12	30.07	34.017
20200713 232916	2755.994	36.08	30.07	34.017
20200713 232918	2758.123	36.07	30.07	34.017
20200713 232920	2760.25	36.03	30.08	34.017
20200713 232922	2762.377	35.99	30.09	34.022
20200713 232924	2764.509	35.98	30.1	34.017
20200713 232926	2766.636	35.94	30.11	34.011
20200713 232929	2768.764	35.91	30.11	34.005
20200713 232931	2770.89	35.89	30.12	34.011
20200713 232933	2773.019	35.85	30.13	34.005
20200713 232935	2775.142	35.82	30.13	33.999
20200713 232937	2777.269	35.8	30.14	33.999
20200713 232939	2779.396	35.77	30.14	33.999
20200713 232941	2781.528	35.73	30.15	33.987
20200713 232943	2783.653	35.71	30.15	33.987
20200713 232946	2785.784	35.68	30.15	33.981
20200713 232948	2787.91	35.64	30.15	33.976
20200713 232950	2790.037	35.62	30.16	33.97
20200713 232952	2792.162	35.59	30.16	33.964
20200713 232954	2794.293	35.55	30.16	33.958
20200713 232956	2796.437	35.54	30.16	33.958
20200713 232958	2798.561	35.5	30.17	33.946
20200713 233001	2800.687	35.47	30.17	33.94
20200713 233003	2802.816	35.45	30.17	33.935
20200713 233005	2804.947	35.41	30.17	33.917
20200713 233007	2807.074	35.38	30.18	33.917
20200713 233009	2809.2	35.36	30.18	33.905
20200713 233011	2811.327	35.33	30.18	33.899
20200713 233013	2813.455	35.29	30.18	33.894
20200713 233015	2815.58	35.27	30.18	33.888
20200713 233018	2817.708	35.24	30.18	33.876
20200713 233020	2819.838	35.2	30.18	33.87
